S0250000525A4133554C5F466561746865725F344453797374656D53637265656E2E7372656364
S315200200000008022000000000FFF7FDDFFFFFFFFFD0
S315200200100002022000000000FFFDFDDFFFFFFFFFC0
S315200200200000000000000000FFFFFFFFFFFFFFFFB0
S315200200300000000000000000000000000000000098
S315200200400000000000000000000000000000000088
S315200200500000000000000000000000000000000078
S315200200600000000000000000000000000000000068
S315200200700000000000000000000000000000000058
S315200200800000000000000000000000000000000048
S315200200900000000000000000000000000000000038
S315200200A00000000000000000000000000000000028
S315200200B00000000000000000000000000000000018
S315200200C00000000000000000000000000000000008
S315200200D000000000000000000000000000000000F8
S315200200E000000000000000000000000000000000E8
S315200200F000000000000000000000000000000000D8
S3152002010000000000000000000000000000000000C7
S3152002011000000000000000000000000000000000B7
S3152002012000000000000000000000000000000000A7
S315200201300000000000000000000000000000000097
S315200201400000000000000000000000000000000087
S315200201500000000000000000000000000000000077
S315200201600000000000000000000000000000000067
S315200201700000000000000000000000000000000057
S315200201800000000000000000000000000000000047
S315200201900000000000000000000000000000000037
S315200201A00000000000000000000000000000000027
S315200201B00000000000000000000000000000000017
S315200201C00000000000000000000000000000000007
S315200201D000000000000000000000000000000000F7
S315200201E0525A20465350204170706C69636174697B
S315200201F06F6E0000000000000000000000000000FA
S3152002020000000000000000000000000000000000C6
S3152002021000000000000000000000000000000000B6
S3152002022000000000000000000000000000000000A6
S315200202300000000000000000000000000000000096
S315200202400000000000000000000000000000000086
S315200202500000000000000000000000000000000076
S315200202600000000000000000000000000000000066
S315200202700000000000000000000000000000000056
S315200202800000000000000000000000000000000046
S315200202900000000000000000000000000000000036
S315200202A00000000000000000000000000000000026
S315200202B00000000000000000000000000000000016
S315200202C00000000000000000000000000000000006
S315200202D000000000000000000000000000000000F6
S315200202E000000000000000000000000000000000E6
S315200202F000000000000000000000000000000000D6
S3152002030000000000000000000000000000000000C5
S3152002031000000000000000000000000000000000B5
S3152002032000000000000000000000000000000000A5
S315200203300000000000000000000000000000000095
S315200203400000000000000000000000000000000085
S315200203500000000000000000000000000000000075
S315200203600000000000000000000000000000000065
S315200203700000000000000000000000000000000055
S315200203800000000000000000000000000000000045
S315200203900000000000000000000000000000000035
S315200203A00000000000000000000000000000000025
S315200203B00000000000000000000000000000000015
S315200203C00000000000000000000000000000000005
S315200203D000000000000000000000000000000000F5
S315200203E000000000000000000000000000000000E5
S315200203F000000000000000000000000000000000D5
S3152002040000000000000000000000000000000000C4
S3152002041000000000000000000000000000000000B4
S3152002042000000000000000000000000000000000A4
S315200204300000000000000000000000000000000094
S315200204400000000000000000000000000000000084
S315200204500000000000000000000000000000000074
S315200204600000000000000000000000000000000064
S315200204700000000000000000000000000000000054
S315200204800000000000000000000000000000000044
S315200204900000000000000000000000000000000034
S315200204A00000000000000000000000000000000024
S315200204B00000000000000000000000000000000014
S315200204C00000000000000000000000000000000004
S315200204D000000000000000000000000000000000F4
S315200204E000000000000000000000000000000000E4
S315200204F000000000000000000000000000000000D4
S3152002050000000000000000000000000000000000C3
S3152002051000000000000000000000000000000000B3
S3152002052000000000000000000000000000000000A3
S315200205300000000000000000000000000000000093
S315200205400000000000000000000000000000000083
S315200205500000000000000000000000000000000073
S315200205600000000000000000000000000000000063
S315200205700000000000000000000000000000000053
S315200205800000000000000000000000000000000043
S315200205900000000000000000000000000000000033
S315200205A00000000000000000000000000000000023
S315200205B00000000000000000000000000000000013
S315200205C00000000000000000000000000000000003
S315200205D000000000000000000000000000000000F3
S315200205E000000000000000000000000000000000E3
S315200205F000000000000000000000000000000000D3
S3152002060000000000000000000000000000000000C2
S3152002061000000000000000000000000000000000B2
S3152002062000000000000000000000000000000000A2
S315200206300000000000000000000000000000000092
S315200206400000000000000000000000000000000082
S315200206500000000000000000000000000000000072
S315200206600000000000000000000000000000000062
S315200206700000000000000000000000000000000052
S315200206800000000000000000000000000000000042
S315200206900000000000000000000000000000000032
S315200206A00000000000000000000000000000000022
S315200206B00000000000000000000000000000000012
S315200206C00000000000000000000000000000000002
S315200206D000000000000000000000000000000000F2
S315200206E000000000000000000000000000000000E2
S315200206F000000000000000000000000000000000D2
S3152002070000000000000000000000000000000000C1
S3152002071000000000000000000000000000000000B1
S3152002072000000000000000000000000000000000A1
S315200207300000000000000000000000000000000091
S315200207400000000000000000000000000000000081
S315200207500000000000000000000000000000000071
S315200207600000000000000000000000000000000061
S315200207700000000000000000000000000000000051
S315200207800000000000000000000000000000000041
S315200207900000000000000000000000000000000031
S315200207A00000000000000000000000000000000021
S315200207B00000000000000000000000000000000011
S315200207C00000000000000000000000000000000001
S315200207D000000000000000000000000000000000F1
S315200207E000000000000000000000000000000000E1
S315200207F000000000000000000000000000000000D1
S315200208008004001400000000000000000000000028
S3152002081000000000000000000000000000000000B0
S3152002082000000000000000000000000000000000A0
S315200208300000000000000000000000000000000090
S315200208400000000000000000000000000000000080
S315200208500000000000000000000000000000000070
S315200208600000000000000000000000000000000060
S315200208700000000000000000000000000000000050
S315200208800000000000000000000000000000000040
S315200208900000000000000000000000000000000030
S315200208A00000000000000000000000000000000020
S315200208B00000000000000000000000000000000010
S315200208C00000000000000000000000000000000000
S315200208D000000000000000000000000000000000F0
S315200208E000000000000000000000000000000000E0
S315200208F000000000000000000000000000000000D0
S3152002090000000000000000000000000000000000BF
S3152002091000000000000000000000000000000000AF
S31520020920000000000000000000000000000000009F
S31520020930000000000000000000000000000000008F
S31520020940000000000000000000000000000000007F
S31520020950000000000000000000000000000000006F
S31520020960000000000000000000000000000000005F
S31520020970000000000000000000000000000000004F
S31520020980000000000000000000000000000000003F
S31520020990000000000000000000000000000000002F
S315200209A0000000000000000000000000000000001F
S315200209B0000000000000000000000000000000000F
S315200209C000000000000000000000000000000000FF
S315200209D000000000000000000000000000000000EF
S315200209E000000000000000000000000000000000DF
S315200209F000000000000000000000000000000000CF
S31520020A0000000000000000000000000000000000BE
S31520020A1000000000000000000000000000000000AE
S31520020A20000000000000000000000000000000009E
S31520020A30000000000000000000000000000000008E
S31520020A40000000000000000000000000000000007E
S31520020A50000000000000000000000000000000006E
S31520020A60000000000000000000000000000000005E
S31520020A70000000000000000000000000000000004E
S31520020A80000000000000000000000000000000003E
S31520020A90000000000000000000000000000000002E
S31520020AA0000000000000000000000000000000001E
S31520020AB0000000000000000000000000000000000E
S31520020AC000000000000000000000000000000000FE
S31520020AD000000000000000000000000000000000EE
S31520020AE000000000000000000000000000000000DE
S31520020AF000000000000000000000000000000000CE
S31520020B0000000000000000000000000000000000BD
S31520020B1000000000000000000000000000000000AD
S31520020B20000000000000000000000000000000009D
S31520020B30000000000000000000000000000000008D
S31520020B40000000000000000000000000000000007D
S31520020B50000000000000000000000000000000006D
S31520020B60000000000000000000000000000000005D
S31520020B70000000000000000000000000000000004D
S31520020B80000000000000000000000000000000003D
S31520020B90000000000000000000000000000000002D
S31520020BA0000000000000000000000000000000001D
S31520020BB0000000000000000000000000000000000D
S31520020BC000000000000000000000000000000000FD
S31520020BD000000000000000000000000000000000ED
S31520020BE000000000000000000000000000000000DD
S31520020BF000000000000000000000000000000000CD
S31520020C0000000000000000000000000000000000BC
S31520020C1000000000000000000000000000000000AC
S31520020C20000000000000000000000000000000009C
S31520020C30000000000000000000000000000000008C
S31520020C40000000000000000000000000000000007C
S31520020C50000000000000000000000000000000006C
S31520020C60000000000000000000000000000000005C
S31520020C70000000000000000000000000000000004C
S31520020C80000000000000000000000000000000003C
S31520020C90000000000000000000000000000000002C
S31520020CA0000000000000000000000000000000001C
S31520020CB0000000000000000000000000000000000C
S31520020CC000000000000000000000000000000000FC
S31520020CD000000000000000000000000000000000EC
S31520020CE000000000000000000000000000000000DC
S31520020CF000000000000000000000000000000000CC
S31520020D0000000000000000000000000000000000BB
S31520020D1000000000000000000000000000000000AB
S31520020D20000000000000000000000000000000009B
S31520020D30000000000000000000000000000000008B
S31520020D40000000000000000000000000000000007B
S31520020D50000000000000000000000000000000006B
S31520020D60000000000000000000000000000000005B
S31520020D70000000000000000000000000000000004B
S31520020D80000000000000000000000000000000003B
S31520020D90000000000000000000000000000000002B
S31520020DA0000000000000000000000000000000001B
S31520020DB0000000000000000000000000000000000B
S31520020DC000000000000000000000000000000000FB
S31520020DD000000000000000000000000000000000EB
S31520020DE000000000000000000000000000000000DB
S31520020DF000000000000000000000000000000000CB
S31520020E0000000000000000000000000000000000BA
S31520020E1000000000000000000000000000000000AA
S31520020E20000000000000000000000000000000009A
S31520020E30000000000000000000000000000000008A
S31520020E40000000000000000000000000000000007A
S31520020E50000000000000000000000000000000006A
S31520020E60000000000000000000000000000000005A
S31520020E70000000000000000000000000000000004A
S31520020E80000000000000000000000000000000003A
S31520020E90000000000000000000000000000000002A
S31520020EA0000000000000000000000000000000001A
S31520020EB0000000000000000000000000000000000A
S31520020EC000000000000000000000000000000000FA
S31520020ED000000000000000000000000000000000EA
S31520020EE000000000000000000000000000000000DA
S31520020EF000000000000000000000000000000000CA
S31520020F0000000000000000000000000000000000B9
S31520020F1000000000000000000000000000000000A9
S31520020F200000000000000000000000000000000099
S31520020F300000000000000000000000000000000089
S31520020F400000000000000000000000000000000079
S31520020F500000000000000000000000000000000069
S31520020F600000000000000000000000000000000059
S31520020F700000000000000000000000000000000049
S31520020F800000000000000000000000000000000039
S31520020F900000000000000000000000000000000029
S31520020FA00000000000000000000000000000000019
S31520020FB00000000000000000000000000000000009
S31520020FC000000000000000000000000000000000F9
S31520020FD000000000000000000000000000000000E9
S31520020FE000000000000000000000000000000000D9
S31520020FF000000000000000000000000000000000C9
S31520021000000000141F2003D51F2003D51F2003D55F
S315200210101F2003D51F2003D51F2003D51F2003D54C
S315200210201F2003D51F2003D51F2003D51F2003D53C
S315200210301F2003D51F2003D51F2003D51F2003D52C
S315200210401F2003D51F2003D51F2003D51F2003D51C
S315200210501F2003D51F2003D51F2003D51F2003D50C
S315200210601F2003D51F2003D51F2003D51F2003D5FC
S315200210701F2003D51F2003D51F2003D51F2003D5EC
S31520021080040200141F2003D51F2003D51F2003D5D9
S315200210901F2003D51F2003D51F2003D51F2003D5CC
S315200210A01F2003D51F2003D51F2003D51F2003D5BC
S315200210B01F2003D51F2003D51F2003D51F2003D5AC
S315200210C01F2003D51F2003D51F2003D51F2003D59C
S315200210D01F2003D51F2003D51F2003D51F2003D58C
S315200210E01F2003D51F2003D51F2003D51F2003D57C
S315200210F01F2003D51F2003D51F2003D51F2003D56C
S31520021100C00100141F2003D51F2003D51F2003D59D
S315200211101F2003D51F2003D51F2003D51F2003D54B
S315200211201F2003D51F2003D51F2003D51F2003D53B
S315200211301F2003D51F2003D51F2003D51F2003D52B
S315200211401F2003D51F2003D51F2003D51F2003D51B
S315200211501F2003D51F2003D51F2003D51F2003D50B
S315200211601F2003D51F2003D51F2003D51F2003D5FB
S315200211701F2003D51F2003D51F2003D51F2003D5EB
S315200211807F2003D5FFFFFF171F2003D51F2003D57E
S315200211901F2003D51F2003D51F2003D51F2003D5CB
S315200211A01F2003D51F2003D51F2003D51F2003D5BB
S315200211B01F2003D51F2003D51F2003D51F2003D5AB
S315200211C01F2003D51F2003D51F2003D51F2003D59B
S315200211D01F2003D51F2003D51F2003D51F2003D58B
S315200211E01F2003D51F2003D51F2003D51F2003D57B
S315200211F01F2003D51F2003D51F2003D51F2003D56B
S31520021200000000141F2003D51F2003D51F2003D55D
S315200212101F2003D51F2003D51F2003D51F2003D54A
S315200212201F2003D51F2003D51F2003D51F2003D53A
S315200212301F2003D51F2003D51F2003D51F2003D52A
S315200212401F2003D51F2003D51F2003D51F2003D51A
S315200212501F2003D51F2003D51F2003D51F2003D50A
S315200212601F2003D51F2003D51F2003D51F2003D5FA
S315200212701F2003D51F2003D51F2003D51F2003D5EA
S31520021280840100141F2003D51F2003D51F2003D558
S315200212901F2003D51F2003D51F2003D51F2003D5CA
S315200212A01F2003D51F2003D51F2003D51F2003D5BA
S315200212B01F2003D51F2003D51F2003D51F2003D5AA
S315200212C01F2003D51F2003D51F2003D51F2003D59A
S315200212D01F2003D51F2003D51F2003D51F2003D58A
S315200212E01F2003D51F2003D51F2003D51F2003D57A
S315200212F01F2003D51F2003D51F2003D51F2003D56A
S31520021300400100141F2003D51F2003D51F2003D51B
S315200213101F2003D51F2003D51F2003D51F2003D549
S315200213201F2003D51F2003D51F2003D51F2003D539
S315200213301F2003D51F2003D51F2003D51F2003D529
S315200213401F2003D51F2003D51F2003D51F2003D519
S315200213501F2003D51F2003D51F2003D51F2003D509
S315200213601F2003D51F2003D51F2003D51F2003D5F9
S315200213701F2003D51F2003D51F2003D51F2003D5E9
S315200213807F2003D5FFFFFF171F2003D51F2003D57C
S315200213901F2003D51F2003D51F2003D51F2003D5C9
S315200213A01F2003D51F2003D51F2003D51F2003D5B9
S315200213B01F2003D51F2003D51F2003D51F2003D5A9
S315200213C01F2003D51F2003D51F2003D51F2003D599
S315200213D01F2003D51F2003D51F2003D51F2003D589
S315200213E01F2003D51F2003D51F2003D51F2003D579
S315200213F01F2003D51F2003D51F2003D51F2003D569
S315200214007F2003D5FFFFFF171F2003D51F2003D5FB
S315200214101F2003D51F2003D51F2003D51F2003D548
S315200214201F2003D51F2003D51F2003D51F2003D538
S315200214301F2003D51F2003D51F2003D51F2003D528
S315200214401F2003D51F2003D51F2003D51F2003D518
S315200214501F2003D51F2003D51F2003D51F2003D508
S315200214601F2003D51F2003D51F2003D51F2003D5F8
S315200214701F2003D51F2003D51F2003D51F2003D5E8
S315200214807F2003D5FFFFFF171F2003D51F2003D57B
S315200214901F2003D51F2003D51F2003D51F2003D5C8
S315200214A01F2003D51F2003D51F2003D51F2003D5B8
S315200214B01F2003D51F2003D51F2003D51F2003D5A8
S315200214C01F2003D51F2003D51F2003D51F2003D598
S315200214D01F2003D51F2003D51F2003D51F2003D588
S315200214E01F2003D51F2003D51F2003D51F2003D578
S315200214F01F2003D51F2003D51F2003D51F2003D568
S315200215007F2003D5FFFFFF171F2003D51F2003D5FA
S315200215101F2003D51F2003D51F2003D51F2003D547
S315200215201F2003D51F2003D51F2003D51F2003D537
S315200215301F2003D51F2003D51F2003D51F2003D527
S315200215401F2003D51F2003D51F2003D51F2003D517
S315200215501F2003D51F2003D51F2003D51F2003D507
S315200215601F2003D51F2003D51F2003D51F2003D5F7
S315200215701F2003D51F2003D51F2003D51F2003D5E7
S315200215807F2003D5FFFFFF171F2003D51F2003D57A
S315200215901F2003D51F2003D51F2003D51F2003D5C7
S315200215A01F2003D51F2003D51F2003D51F2003D5B7
S315200215B01F2003D51F2003D51F2003D51F2003D5A7
S315200215C01F2003D51F2003D51F2003D51F2003D597
S315200215D01F2003D51F2003D51F2003D51F2003D587
S315200215E01F2003D51F2003D51F2003D51F2003D577
S315200215F01F2003D51F2003D51F2003D51F2003D567
S315200216007F2003D5FFFFFF171F2003D51F2003D5F9
S315200216101F2003D51F2003D51F2003D51F2003D546
S315200216201F2003D51F2003D51F2003D51F2003D536
S315200216301F2003D51F2003D51F2003D51F2003D526
S315200216401F2003D51F2003D51F2003D51F2003D516
S315200216501F2003D51F2003D51F2003D51F2003D506
S315200216601F2003D51F2003D51F2003D51F2003D5F6
S315200216701F2003D51F2003D51F2003D51F2003D5E6
S315200216807F2003D5FFFFFF171F2003D51F2003D579
S315200216901F2003D51F2003D51F2003D51F2003D5C6
S315200216A01F2003D51F2003D51F2003D51F2003D5B6
S315200216B01F2003D51F2003D51F2003D51F2003D5A6
S315200216C01F2003D51F2003D51F2003D51F2003D596
S315200216D01F2003D51F2003D51F2003D51F2003D586
S315200216E01F2003D51F2003D51F2003D51F2003D576
S315200216F01F2003D51F2003D51F2003D51F2003D566
S315200217007F2003D5FFFFFF171F2003D51F2003D5F8
S315200217101F2003D51F2003D51F2003D51F2003D545
S315200217201F2003D51F2003D51F2003D51F2003D535
S315200217301F2003D51F2003D51F2003D51F2003D525
S315200217401F2003D51F2003D51F2003D51F2003D515
S315200217501F2003D51F2003D51F2003D51F2003D505
S315200217601F2003D51F2003D51F2003D51F2003D5F5
S315200217701F2003D51F2003D51F2003D51F2003D5E5
S315200217807F2003D5FFFFFF171F2003D51F2003D578
S315200217901F2003D51F2003D51F2003D51F2003D5C5
S315200217A01F2003D51F2003D51F2003D51F2003D5B5
S315200217B01F2003D51F2003D51F2003D51F2003D5A5
S315200217C01F2003D51F2003D51F2003D51F2003D595
S315200217D01F2003D51F2003D51F2003D51F2003D585
S315200217E01F2003D51F2003D51F2003D51F2003D575
S315200217F01F2003D51F2003D51F2003D51F2003D565
S31520021800BF4000D5FD7BBFA9F24FBFA9F047BFA9B4
S31520021810EE3FBFA9EC37BFA9EA2FBFA9E827BFA988
S31520021820E61FBFA9E417BFA9E20FBFA9E007BFA918
S3152002183003403ED522403ED5E20FBFA95500009473
S31520021840DF4103D59F3F03D5DF3F03D5E417C1A868
S3152002185005401ED524401ED59F3F03D5DF3F03D525
S31520021860E007C1A8E20FC1A8E417C1A8E61FC1A8D4
S31520021870E827C1A8EA2FC1A8EC37C1A8EE3FC1A824
S31520021880F047C1A8F24FC1A8FD7BC1A8E0039FD6AD
S31520021890BF4000D5E007BFA9E20FBFA9E417BFA941
S315200218A0E61FBFA9E827BFA9EA2FBFA9EC37BFA920
S315200218B0EE3FBFA9F047BFA9F24FBFA9FD7BBFA943
S315200218C038000094FD7BC1A8F24FC1A8F047C1A8F9
S315200218D0EE3FC1A8EC37C1A8EA2FC1A8E827C1A8C4
S315200218E0E61FC1A8E417C1A8E20FC1A8E007C1A854
S315200218F0E0039FD600000000007C011B010000903F
S3152002190021C044F9230040B9014099524173A7727C
S315200219102208C31A7F00016B49000054220080521C
S31520021920E103002A037D80D2217C039BE37F40B220
S315200219303F0003EB280100542008C21A007C015301
S31520021940E0010034FD7BBFA9FD0300911D00009438
S31520021950FD7BC1A8C0035FD64200020B0008C21A53
S31520021960017D80D2007C019BE17F40B21F0001EB0A
S3152002197089FEFF5400008012F3FFFF17C0035FD6D3
S31520021980AC572028000000000E0000141F2003D5AB
S31520021990100010F01002239100021FD60000000052
S315200219A0100010F010C2219100021FD60000000084
S315200219B000000000000000000000000000000000FF
S315200219C0000400D11F0000F1C1FFFF54C0035FD6FF
S315200219D000000000000000000000000000000000DF
S315200219E000000000000000000000000000000000CF
S315200219F000000000000000000000000000000000BF
S31520021A008006005800C01ED500C01CD500C018D5BF
S31520021A10000080D200101ED500101CD5001018D54B
S31520021A20C10500583F000091000080D240111ED50A
S31520021A3040111CD51F111ED5DF3F03D50100805250
S31520021A40210015322100163221001D3221001E32BC
S31520021A5021001F3201111ED5DF3F03D50200B0D26D
S31520021A6002111CD5A00038D5A0001CD5000038D5FF
S31520021A7000001CD51F211CD54003005800E01BD5B1
S31520021A801F870ED51F7108D516140094E002005840
S31520021A90010300583B000094D4140094000080D225
S31520021AA05204009400103ED5000040B200101ED50C
S31520021AB0DF3F03D52002005841020058310000942E
S31520021AC0A4140094160900940000001400000000DB
S31520021AD0003002000000000020382028000000000C
S31520021AE000366E0100000000281E022000000000C1
S31520021AF0D01D022000000000E01D02200000000090
S31520021B00901D022000000000312E3030000000001F
S31520021B10000000000000000000000000000000009D
S31520021B20000000000000000000000000000000008D
S31520021B30000000000000000000000000000000007D
S31520021B40000000000000000000000000000000006D
S31520021B50000000000000000000000000000000005D
S31520021B60000000000000000000000000000000004D
S31520021B70000000000000000000000000000000003D
S31520021B80E417BFA9E61FBFA9E40300AAE18F1FF845
S31520021B909F0000F1E1000054E48740F89F0000F125
S31520021BA0A1070054E417C1A8E61FC1A8C0035FD647
S31520021BB0808440F8818440F8220000CB818440F85A
S31520021BC01F0000F1A0FEFF5443FC44D37F0000F126
S31520021BD0000200540B0000141F2003D51F2003D53A
S31520021BE01F2003D51F2003D51F2003D51F2003D571
S31520021BF01F2003D51F2003D51F2003D51F2003D561
S31520021C000518C1A8251881A8630400F1A1FFFF5475
S31520021C10420C40F2E00300541A0000141F2003D5A0
S31520021C201F2003D51F2003D51F2003D51F2003D530
S31520021C301F2003D51F2003D51F2003D51F2003D520
S31520021C401F2003D51F2003D51F2003D51F2003D510
S31520021C501F2003D51F2003D51F2003D51F2003D500
S31520021C601F2003D51F2003D51F2003D51F2003D5F0
S31520021C701F2003D51F2003D51F2003D51F2003D5E0
S31520021C800514403825140038420400F1A1FFFF5400
S31520021C90C8FFFF17818440F8828440F8420001CBB6
S31520021CA03F0000F140F8FF54000080D243FC44D3A9
S31520021CB07F0000F1C0020054050080D2060080D2C7
S31520021CC0100000141F2003D51F2003D51F2003D583
S31520021CD01F2003D51F2003D51F2003D51F2003D580
S31520021CE01F2003D51F2003D51F2003D51F2003D570
S31520021CF01F2003D51F2003D51F2003D51F2003D560
S31520021D00251881A8630400F1C1FFFF54420C40F25A
S31520021D10E00300541B0000141F2003D51F2003D507
S31520021D201F2003D51F2003D51F2003D51F2003D52F
S31520021D301F2003D51F2003D51F2003D51F2003D51F
S31520021D401F2003D51F2003D51F2003D51F2003D50F
S31520021D501F2003D51F2003D51F2003D51F2003D5FF
S31520021D601F2003D51F2003D51F2003D51F2003D5EF
S31520021D701F2003D51F2003D51F2003D51F2003D5DF
S31520021D8020140038420400F1C1FFFF54C2FFFF179E
S31520021D90201820280000000020182028000000001B
S31520021DA02038202800000000B0572028000000001C
S31520021DB0B077203800000000B077203800000000FD
S31520021DC000000000000000000000000000000000EB
S31520021DD000000000000000000000000000000000DB
S31520021DE00010022000000000D0190220000000008E
S31520021DF00030020000000000407C022000000000AB
S31520021E00A094022000000000C0FF1F28000000004E
S31520021E10000000000000000000000000000000009A
S31520021E20000000000000000000000000000000008A
S31520021E30000000000000000000000000000000007A
S31520021E40010440B9231C001202000090429847F96F
S31520021E50430000393F080071000600543F1000710C
S31520021E60800000543F040071E0040054C0035FD692
S31520021E7001000090219C47F921004079213C001263
S31520021E803FFC077148FFFF540100009021A047F94B
S31520021E90210440B93F080071AC010054030840B93F
S31520021EA000000090029C47F940004079003C001255
S31520021EB001040011213C001241000079010000902A
S31520021EC021A447F923C82038E9FFFF170100009013
S31520021ED0219C47F922004079423C001203000090DF
S31520021EE063A447F9000840B960C8227820004079E7
S31520021EF0003C001200080011003C0012200000796C
S31520021F00DBFFFF170000009000A847F9210080524E
S31520021F10010000B9D6FFFF170000009000AC47F978
S31520021F2021008052010000B9D1FFFF171F2003D5DF
S31520021F302E40202800000000384020280000000003
S31520021F40A07902200000000048402028000000005E
S31520021F5030402028000000003C40202800000000DD
S31520021F60FD7BBEA9FD030091F30B00F9F30300AA42
S31520021F70024080D201008052321400947F020879F6
S31520021F807F0608797F0A0879F30B40F9FD7BC2A800
S31520021F90C0035FD600000000FD7BBEA9FD030091B1
S31520021FA0F30B00F9000000B0000440F91F000039CD
S31520021FB0423C0012000000B0000840F9DE070094FF
S31520021FC020010035F303002A017D80522000805231
S31520021FD0EE140094E003132AF30B40F9FD7BC2A80A
S31520021FE0C0035FD6000000B0030C40F9000000B029
S31520021FF0021040F921168052000000B0001440F968
S31520022000E61000941F2003D52E4020280000000051
S31520022010F046202800000000F8730220000000008D
S315200220201074022000000000D87302200000000075
S31520022030FD7BBDA9FD030091F30B00F9F30301AA71
S3152002204000000090016C40F900000090007040F9F9
S315200220507309009400020035E4A3009103718252B1
S3152002206022008052610240B900000090007040F9BF
S31520022070220A009400020035E1A30091000000909C
S31520022080007040F9B4080094F30B40F9FD7BC3A815
S31520022090C0035FD600000090037440F90000009050
S315200220A0027840F94117805200000090007C40F9E6
S315200220B0BA10009400000090038040F900000090BE
S315200220C0027840F90118805200000090007C40F905
S315200220D0B21000941F2003D5A07902200000000030
S315200220E0F046202800000000F873022000000000BD
S315200220F05874022000000000D8730220000000005D
S315200221009074022000000000FD7BBEA9FD03009111
S31520022110E11F00B9E1730091C6FFFF97FD7BC2A8BC
S31520022120C0035FD6FD7BBFA9FD030091020080524A
S315200221300300001442040011423C0012433C409228
S315200221402368633883FFFF3594FFFF97FD7BC1A881
S31520022150C0035FD600000000FD7BBEA9FD030091EF
S31520022160F30B00F9F30300AA0200805203000014C5
S3152002217042040011423C0012433C409223686338D9
S3152002218083FFFF35E00313AA84FFFF9722008052C4
S315200221900000009001D840F9E00313AA7FFFFF97C1
S315200221A0F30B40F9FD7BC2A8C0035FD61F2003D5DF
S315200221B09876022000000000FD7BBCA9FD03009159
S315200221C0F35301A9F40300AAF30301AA810000B480
S315200221D03301F8B7020080521F00001422008052F9
S315200221E000000090014041F9E00314AA6BFFFF971B
S315200221F0F8FFFF172200805200000090014441F9A7
S31520022200E00314AA65FFFF97F30313CBF2FFFF1730
S31520022210E3E703B2E3CC8CF2637E439B63FC4293F7
S3152002222063FC93CBE10303AA6308038B6300038B4E
S31520022230630203CB600280520000024B63C000118E
S31520022240E4A3009183C8203842040011423C0012C4
S31520022250F30301AAF3FDFFB5810280522100024B4E
S31520022260E0A3009101C0218BE00314AA4BFFFF9744
S31520022270F35341A9FD7BC4A8C0035FD61F2003D513
S31520022280A874022000000000B074022000000000A2
S31520022290FD7BBEA9FD030091F30B00F9F30300AA0F
S315200222A0C6FFFF972200805200000090016441F988
S315200222B0E00313AA39FFFF97F30B40F9FD7BC2A86F
S315200222C0C0035FD61F2003D59876022000000000A7
S315200222D0010440B9231C00120200009042E041F999
S315200222E0430000393F080071000600543F10007178
S315200222F0800000543F040071E0040054C0035FD6FE
S315200223000100009021E441F921004079213C00128C
S315200223103FFC077148FFFF540100009021E841F974
S31520022320210440B93F080071AC010054030840B9AA
S315200223300000009002E441F940004079003C00127E
S3152002234001040011213C0012410000790100009095
S3152002235021EC41F923C82038E9FFFF17010000903C
S3152002236021E441F922004079423C00120300009008
S3152002237063EC41F9000840B960C822782000407910
S31520022380003C001200080011003C001220000079D7
S31520022390DBFFFF170000009000F041F92100805278
S315200223A0010000B9D6FFFF170000009000F441F9A2
S315200223B021008052010000B9D1FFFF171F2003D54B
S315200223C02F402028000000003A402028000000006C
S315200223D0307A022000000000484220280000000037
S315200223E03440202800000000404020280000000041
S315200223F0FD7BBEA9FD030091F30B00F9F30300AAAE
S31520022400024080D2010080520E1300947F02087986
S315200224107F0608797F0A0879F30B40F9FD7BC2A86B
S31520022420C0035FD600000000E00301AA010000906D
S31520022430215442F923004079633C001223030034DD
S31520022440FD7BBEA9FD030091F30B00F9F30302AA5B
S3152002245001000090215842F93F0000B9000100B462
S3152002246001000090215442F922004079423C4092D8
S3152002247001000090215C42F9621200940000009053
S31520022480005442F901004079610200791F00007967
S3152002249000008052F30B40F9FD7BC2A8C0035FD631
S315200224A040AF8052C0035FD63A4020280000000089
S315200224B03440202800000000484220280000000066
S315200224C0FD7BBDA9FD030091F30B00F9F30300AADE
S315200224D0FF5F0079E2BB009101000891D3FFFF97CD
S315200224E040040035E05F4079610A48790000010B1B
S315200224F0600A0879010080520600001462064879B3
S31520022500600248795F00006B00020054210400112A
S31520022510E05F40791F00016B8D0200546206487904
S3152002252040040011003C00126006087963C2218B28
S315200225306300483963CA22381F00087101FEFF541E
S315200225407F060879EEFFFF170000009003BC42F9D0
S315200225500000009002C042F9C12E80520000009075
S3152002256000C442F98D0F0094F30B40F9FD7BC3A8FA
S31520022570C0035FD61F2003D5A073022000000000EF
S31520022580B874022000000000D87302200000000068
S31520022590FD7BBEA9FD030091F30B00F9F30300AA0C
S315200225A0C8FFFF97600A4879F30B40F9FD7BC2A862
S315200225B0C0035FD600000000FD7BBEA9FD0300918B
S315200225C0F30B00F9F30300AABEFFFF9760024879D6
S315200225D002040011423C00126202087960CA603885
S315200225E0610AC87921040051213C0013610A087945
S315200225F05F000871A0000054C100F837F30B40F9C0
S31520022600FD7BC2A8C0035FD67F020879FBFFFF17B6
S3152002261000000090031843F900000090021C43F9C1
S31520022620C12C805200000090002043F95B0F0094D9
S31520022630A073022000000000E874022000000000BF
S31520022640D873022000000000FD7BBEA9FD03009185
S31520022650F30B00F9F30300AA9AFFFF976002487969
S3152002266060CA6038F30B40F9FD7BC2A8C0035FD66F
S31520022670FD7BBEA9FD030091F30B00F9000000903B
S31520022680007043F91F000039423C001200000090FE
S31520022690007443F92806009420010035F303002A2A
S315200226A0017D80522000805238130094E003132AC1
S315200226B0F30B40F9FD7BC2A8C0035FD60000009051
S315200226C0037843F900000090027C43F9613380527B
S315200226D000000090008043F9300F00941F2003D59C
S315200226E02F40202800000000484720280000000034
S315200226F0F873022000000000187502200000000076
S31520022700D873022000000000FD7BBEA9FD030091C4
S31520022710E17F003922008052E17F0091D5FFFF97A9
S31520022720FD7BC2A8C0035FD6FD7BBDA9FD03009138
S31520022730F30B00F9F30301AA0000009001E843F924
S315200227400000009000EC43F9B50700940002003522
S31520022750E4A300910371825222008052610240B9A1
S315200227600000009000EC43F9640800940002003552
S31520022770E1A300910000009000EC43F9F6060094D4
S31520022780F30B40F9FD7BC3A8C0035FD6000000907F
S3152002279003F043F90000009002F443F98134805299
S315200227A00000009000F843F9FC0E0094000000900F
S315200227B003FC43F90000009002F443F941358052AC
S315200227C00000009000F843F9F40E00941F2003D570
S315200227D0307A02200000000048472028000000002E
S315200227E0F87302200000000060750220000000003D
S315200227F0D87302200000000090740220000000001E
S31520022800FD7BBEA9FD030091E11F00B9E173009192
S31520022810C6FFFF97FD7BC2A8C0035FD6000000005B
S31520022820FD7BBFA9FD03009100000090004044F902
S31520022830210080520100003900000090014444F931
S3152002284000000090004844F9120C0094C0000035A4
S3152002285000000090004844F9EC0B0094FD7BC1A8CF
S31520022860C0035FD600000090014C44F9000000909E
S31520022870005044F92CFEFF97F6FFFF171F2003D5C1
S31520022880504620280000000068790220000000003F
S31520022890B84620280000000098750220000000009B
S315200228A02038202800000000000840B9E00000354A
S315200228B000000090016844F9200040F90060509120
S315200228C000DC2491200000F9C0035FD61F2003D527
S315200228D05846202800000000FD7BBEA9FD0300917A
S315200228E000000090009C44F90000403900020034A8
S315200228F0E16300910000009000A044F9CF0B009400
S31520022900E01B40B9E003202A61BA8952410CA27227
S31520022910007CA19B0100009021A444F9210040F9EA
S315200229202098408BFD7BC2A8C0035FD6BDFFFF97D0
S31520022930F0FFFF171F2003D5504620280000000075
S31520022940B846202800000000584620280000000033
S31520022950FD7BBFA9FD030091E0FFFF9700FC42D358
S3152002296061B89ED20185ABF2E151D8F2A11EE5F201
S31520022970007CC19B00FC42D3FD7BC1A8C0035FD66D
S31520022980FD7BBFA9FD030091D4FFFF970008008BB2
S315200229900000008BFD7BC1A8C0035FD6FD7BBFA9CB
S315200229A0FD0300912100805278120094FD7BC1A87C
S315200229B0C0035FD6FD7BBEA9FD030091F35301A997
S315200229C0F30300AAF40301AA1F0000791F04007969
S315200229D01F0800791F2C01791F3001791F340179D4
S315200229E002F00491E30180D2050000145F0000B9D1
S315200229F05F08007942180091630400D183FFFFB675
S31520022A007F7206397F7606397F7A06397F22073921
S31520022A107FCE01B90000801260A20379CDFFFF9715
S31520022A2060D601B97F6207397F6607397F6A07391F
S31520022A307F6E07397F7207397FE201B97FE601B9D6
S31520022A404006805260A207397FEE01B920008052EB
S31520022A5060C207397FC607397FCA07397FCE073951
S31520022A607FD207397FEE07397FFA037960FA079119
S31520022A701F0000B97F0604797FDA00F97FDE00F9AC
S31520022A807FE200F97FA2063974D200F9F35341A9F5
S31520022A90FD7BC2A8C0035FD61F040071400000540C
S31520022AA0C0035FD6E0FF9F523F00006BA1FFFF5499
S31520022AB0FD7BBEA9FD030091F30B00F900000090F7
S31520022AC0007C45F927FDFF9700000090138045F909
S31520022AD0E00313AA47FEFF97E10313AA0000009022
S31520022AE0008445F9B4FFFF97F30B40F9FD7BC2A89A
S31520022AF0C0035FD61F2003D52038202800000000FF
S31520022B00283C20280000000048442028000000001D
S31520022B10FD7BBEA9FD030091F35301A9F30300AA8D
S31520022B2000C847390104005161CA0739200200341E
S31520022B3088FFFF97F40300AA86FFFF97004034CB55
S31520022B401F8C01F1A800005460D240F991FEFF9734
S31520022B50003C001220FFFF3460D240F997FEFF9717
S31520022B60001C0012F35341A9FD7BC2A8C0035FD605
S31520022B707FCA073960EE47390004001160EE073933
S31520022B8000008012F8FFFF17FD7BBDA9FD0300910F
S31520022B90F35301A9F55B02A9F40300AAF50301AADE
S31520022BA0561C00121300805209000014601E409227
S31520022BB0A16A603880D240F9D4FEFF9780FA437921
S31520022BC077FFFF9773060011731E00127F02166BA2
S31520022BD0E3FEFF54F35341A9F55B42A9FD7BC3A84B
S31520022BE0C0035FD600000000FD7BBEA9FD03009155
S31520022BF0F30B00F9F303002AC00000347F0A0071A8
S31520022C0040010054F30B40F9FD7BC2A8C0035FD6F6
S31520022C1000000090012046F900000090002446F9A9
S31520022C20CE080094F6FFFF1700000090012846F90F
S31520022C3000000090002C46F9E60A0094F2FFFF17E6
S31520022C406879022000000000784620280000000053
S31520022C50C07A022000000000604620280000000002
S31520022C60423C0012DF040031E00000548A00805208
S31520022C70FF04003140000054AA008052080080520E
S31520022C800F0000146A008052FAFFFF1709004079EC
S31520022C900921290B6B080011290D7DD30900098B07
S31520022CA029C12B8B2B59403929C863387F01096BDF
S31520022CB04008005408050011083D00120908407911
S31520022CC01F21296BE21100545F11007100FEFF548F
S31520022CD05F150071000B00545F0D0071C1FEFF5499
S31520022CE0090040790921290B6B080011290D7DD392
S31520022CF00900098B29C12B8B2B59403929C86338E6
S31520022D007F01096B81FDFF54090040790921290BB6
S31520022D108B080011290D7DD30900098B29C12B8B24
S31520022D202B59403929C864387F01096B41FCFF546D
S31520022D30090040790921290BAB080011290D7DD301
S31520022D400900098B29C12B8B2B59403929C8653893
S31520022D507F01096B01FBFF54FD7BBFA9FD03009197
S31520022D60030040790321230B630C409263080091F0
S31520022D70030C038B7F180039030040790321230BB0
S31520022D80630C7DD30300038B625C00390300407918
S31520022D900321230B630C409263080091000C038BE2
S31520022DA0423C4092002000917610009420008052EE
S31520022DB0FD7BC1A8C0035FD6090040790921290BF2
S31520022DC08B080011290D7DD30900098B29C12B8B74
S31520022DD02B59403929C864387F01096BC1F6FF5443
S31520022DE0090040790921290BAB080011290D7DD351
S31520022DF00900098B29C12B8B2B59403929C86538E3
S31520022E007F01096B81F5FF54090040790921290BBD
S31520022E10CB080011290D7DD30900098B29C12B8BE3
S31520022E202B59403929C866387F01096B41F4FF5472
S31520022E30CAFFFF17090040790921290B6B080011E7
S31520022E40290D7DD30900098B29C12B8B2B5940399A
S31520022E5029C863387F01096BE1F2FF5409004079E2
S31520022E600921290B8B080011290D7DD30900098B15
S31520022E7029C12B8B2B59403929C864387F01096B0C
S31520022E80A1F1FF54090040790921290BAB08001151
S31520022E90290D7DD30900098B29C12B8B2B5940394A
S31520022EA029C865387F01096B61F0FF540900407912
S31520022EB00921290BCB080011290D7DD30900098B85
S31520022EC029C12B8B2B59403929C866387F01096BBA
S31520022ED021EFFF54090040790921290BEB08001143
S31520022EE0290D7DD30900098B29C12B8B2B594039FA
S31520022EF029C867387F01096BE1EDFF5497FFFF1759
S31520022F0000008052C0035FD6FD7BBEA9FD0300915F
S31520022F10F30B00F9F30300AA423C001200044079A5
S31520022F20000C409200080091600E008B1F18003999
S31520022F3060064079000C7DD36002008B025C00396A
S31520022F4060064079000C409200080091600E008BCA
S31520022F50423C4092002000910A100094610640797A
S31520022F6060024079003C001200001C521F20216B97
S31520022F704002005460064079003C00120004001111
S31520022F800010001260060079600A4079003C0012A7
S31520022F901F3C0071C8000054600A4079003C0012B0
S31520022FA000040011003C0012600A0079F30B40F97C
S31520022FB0FD7BC2A8C0035FD660024079003C0012A6
S31520022FC0000400110010001260020079EAFFFF17C8
S31520022FD001004079213C0012210400112110001227
S31520022FE00100007901084079213C0012C100003419
S31520022FF001084079213C001221040051213C001293
S315200230000108007900008052C0035FD6FD7BBEA96D
S31520023010FD030091F30B00F9F30300AAE00301AAD2
S3152002302061024079230C4092210C7DD32100038B2F
S31520023030214800916102018B423C40922118009165
S31520023040D00F0094E00313AAE2FFFF9700008052FC
S31520023050F30B40F9FD7BC2A8C0035FD60000000037
S31520023060FD7BBDA9FD030091F30B00F9F30300AA32
S31520023070002047392003003560C64739E003003572
S31520023080606E4739A0030034606647396003003515
S3152002309060364179003C001200030034E20080527F
S315200230A0E1A30091605A0291D9FFFF97E0A7403928
S315200230B01F040071800400541F1000710003005485
S315200230C080030034200080526022073921FEFF97B8
S315200230D060CE01B9090000141EFEFF9761CE41B9E8
S315200230E0000001CB1FCC07F18900005460A24639AB
S315200230F0A00000357F220739F30B40F9FD7BC3A8D8
S31520023100C0035FD60000009001AC40F90000009099
S3152002311000B040F904FCFF97F7FFFF1762008052C8
S31520023120E1A70091E00313AA98FEFF97E6FFFF1797
S3152002313082008052E1A70091E00313AA93FEFF9733
S31520023140EEFFFF17C2008052E1A70091E00313AA07
S315200231508EFEFF97DCFFFF17C075022000000000DD
S315200231602038202800000000FD7BBCA9FD03009129
S31520023170F35301A9F30300AA006C47392006003451
S31520023180606E4739E0070035F2FDFF9761D641B9F7
S31520023190000001CB616E4739610000346166473910
S315200231A0E107003461A247391F0001EBC80700542A
S315200231B060D240F9F7FCFF97003C0012E02700346A
S315200231C060D240F921FDFF97001C00121F280071D2
S315200231D0602600541F280071680E00541F180071C3
S315200231E0E03F00541F1C0071010B005460D240F9CD
S315200231F0E8FCFF97003C00121F140071292000549E
S31520023200F51300F914008052150080529F160071A2
S31520023210081F005460D240F9E8FCFF97011C0012F7
S31520023220E2E3009140C834389F12007148000054EE
S31520023230B502014A94060011941E0012F4FFFF17EC
S3152002324060D240F9D3FCFF97003C00121F60007148
S31520023250E80000540000801260A203797F22073919
S31520023260C8FFFF1760D240F9D4FCFF9760D240F91D
S31520023270C8FCFF97003C001260FFFF35F6FFFF17E0
S31520023280B4FDFF97E16A83D21F0001EBE8F7FF54F2
S31520023290B0FDFF9760EE01B9BCFFFF17419C80D2BB
S315200232A0C2FFFF17ABFDFF9760D601B9606E4739A3
S315200232B060010035004081520040A172E03B00B916
S315200232C082008052E1E30091E00313AA2FFEFF97CA
S315200232D02000805260620739B6FFFF179DFDFF97D7
S315200232E061EE41B9000001CB1FE02EF149FEFF54E9
S315200232F098FDFF9760EE01B960A24639A00100351C
S3152002330000000090006045F9010040B9E13B00B998
S3152002331000084079E07B0079C2008052E1E3009107
S31520023320E00313AAF9FEFF977F6E0739E2FFFF1724
S3152002333000000090015845F900000090005C45F914
S3152002334079FBFF97EFFFFF171F140071410300540B
S3152002335060D240F98FFCFF97003C00121F140071C7
S3152002336049140054F51300F91400805215008052B6
S315200233709F1600714804005460D240F98FFCFF97D3
S31520023380011C0012E2C3009140C834389F1200711A
S3152002339048000054B502014A94060011941E0012F8
S315200233A0F4FFFF171F2C0071602900541F5400716F
S315200233B040330054606E473900180034606647393E
S315200233C0C017003560A246398017003400000090ED
S315200233D0145C45F900000090019445F9E00314AA13
S315200233E051FBFF9760D240F974FCFF97011C409273
S315200233F0E00314AAA7FBFF97B0000014E0D74039D8
S315200234001F00156B010F0054E0C740391F280071B9
S3152002341040020054616E4739010E003461D24739A9
S315200234200101003461DA47391F00016BA100005403
S3152002343061DE4739E0CB40393F00006BC00B0054B8
S31520023440C2008052E1C30091E00313AAAFFEFF97A8
S31520023450F51340F965000014E1D3403961A20379DE
S31520023460616E4739A103003461664739E1060035AA
S31520023470616247394108003561724739C1FCFF3420
S315200234807F7207393FFDFF9761E241B90000014B88
S31520023490FF3B00B9FF7B0079E10F8012E1E300399F
S315200234A0017C1853E1E70039017C1053E1EB003926
S315200234B0017C0853E1EF0039E0F30039C200805263
S315200234C0E1E30091E00313AA90FEFF97A000805249
S315200234D0F51340F98700001460A24639A002003590
S315200234E000000090006045F9010840B9E13B00B9AF
S315200234F000184079E07B007960DA40F9A00000B438
S31520023500C2008052E1E30091E00313AA7FFEFF97F7
S3152002351020008052606E07390EFDFF9760EE01B9DA
S315200235207FC20739A0008052F51340F971000014BA
S3152002353000000090016445F900000090005C45F906
S31520023540F9FAFF97E7FFFF1760A24639C000003558
S315200235507F6A07397F660739A0008052F51340F942
S315200235606400001400000090016845F900000090F4
S31520023570005C45F9ECFAFF97F6FFFF177F620739E1
S3152002358060A24639C0000035F2FCFF9760EE01B911
S31520023590A0008052F51340F9560000140000009056
S315200235A0016C45F900000090005C45F9DEFAFF97B0
S315200235B0F6FFFF1760D60791E13340B9010000B943
S315200235C0E16B4079010800797FD20739A000805249
S315200235D0F51340F94700001400008052F51340F914
S315200235E044000014F51340F9A00080524100001453
S315200235F0E0F740391F00156B80000054F51340F99F
S31520023600E00080523B000014E0E740391F28007199
S31520023610800200541F780071E1079F1A1F840071EF
S31520023620E0079F1A3F00006AE0020054070080125A
S31520023630E603072A45008052240080520300805266
S31520023640C2008052E1E30091E00313AA85FDFF97B1
S31520023650001C0012C0000034F51340F9E9FFFF17E1
S31520023660E1F3403961A20379EBFFFF17C2008052D2
S31520023670E1E30091E00313AA24FEFF97F51340F934
S31520023680E0FFFF17C2008052E1E30091E00313AA94
S315200236901EFEFF97F51340F9DAFFFF17606E4739D2
S315200236A0E002003460D240F9BAFBFF97003C0012D8
S315200236B01F0C0071C8020054E00313AA69FEFF978B
S315200236C060CE4739A01E0035600A4079003C0012C0
S315200236D0801E003460DA40F9801E00B42100805238
S315200236E061CE073900003FD67FCE0739000080120F
S315200236F0F35341A9FD7BC4A8C0035FD660D240F92B
S31520023700AEFBFF9700008052FAFFFF17F51300F970
S3152002371060D240F9A9FBFF97E0E3003960D240F975
S31520023720A6FBFF97F403002AE0E7003960D240F9AE
S31520023730A2FBFF97E103002A151C0012E0EB0039D9
S3152002374060CA07397FEE073962DE40F9420A00B4C1
S31520023750E003142A40003FD660CA4739A004003449
S3152002376060A24639A00200357AFCFF97F403002AAC
S3152002377060CA47390005003476FCFF97004034CBF7
S315200237801F8C01F18804005460D240F981FBFF9717
S31520023790003C0012E0FEFF3460CA473900040051A3
S315200237A060CA073960D240F984FBFF9769FCFF970C
S315200237B0F403002AEFFFFF1700000090145C45F97E
S315200237C000000090017045F9E00314AA56FAFF970B
S315200237D061CA4739E00314AA78FAFF9700000090DD
S315200237E0017445F9E00314AA4FFAFF97DFFFFF178A
S315200237F060A246390001003460EE473900030035E5
S3152002380000000090017845F900000090005C45F91F
S3152002381045FAFF974FFCFF9760EE01B94DFCFF97E3
S31520023820F40300AA4BFCFF97004034CBE17082D20E
S315200238301F0001EBA800005460D240F955FBFF9708
S31520023840003C001200FFFF3460D240F95BFBFF9779
S3152002385040018052F51340F9A6FFFF1700000090A1
S31520023860145C45F900000090017C45F9E00314AA96
S315200238702DFAFF9761EE4739E00314AA4FFAFF9714
S3152002388000000090018045F9E00314AA26FAFF976A
S31520023890E1FFFF1760A2463920010035140080524D
S315200238A09F22356BC2FBFF5460D240F943FBFF9740
S315200238B094060011943E0012FAFFFF1700000090B2
S315200238C0018445F900000090005C45F916FAFF973D
S315200238D0F3FFFF17606E47398003003460D240F948
S315200238E02CFBFF97003C00121F08007169EEFF5463
S315200238F0F51300F960D240F930FBFF97E0E3003977
S3152002390060D240F92DFBFF97F403002AE0E7003945
S3152002391060D240F929FBFF97E103002A151C001209
S31520023920E0EB003962E240F9820100B4E003142A96
S3152002393040003FD6E00313AA76FCFF97600180522F
S31520023940F51340F96BFFFF1760D240F91BFBFF9777
S315200239500000805267FFFF1760A2463940010035FA
S3152002396014008052A002150B9F02006B8A0100549C
S3152002397060D240F911FBFF9794060011943E001283
S31520023980F9FFFF1700000090018845F9000000901A
S31520023990005C45F9E4F9FF97F2FFFF17EDFBFF976D
S315200239A0F40300AAEBFBFF97004034CBE17082D2EE
S315200239B01F0001EBA800005460D240F9F5FAFF97E8
S315200239C0003C001200FFFF3460D240F9FBFAFF9759
S315200239D060018052F51340F946FFFF1760D240F985
S315200239E0F6FAFF9760A24639800000357F22073912
S315200239F0C00080523FFFFF1700000090018C45F95E
S31520023A0000000090005C45F9C7F9FF97F8FFFF1701
S31520023A1060D240F9E9FAFF9760D240F90BFBFF9793
S31520023A20001C00121F54007140FFFF5460C2473928
S31520023A30A0000035606647396000003560A246392D
S31520023A40600100352000805260660739606A473976
S31520023A5000040011001C0012606A07391F0400715D
S31520023A6028010054A002805222FFFF170000009076
S31520023A70019045F900000090005C45F9AAF9FF97EC
S31520023A80F1FFFF177F6A07390100801260D240F9E1
S31520023A901EFBFF97F4FFFF170000801215FFFF178A
S31520023AA00000801213FFFF170000801211FFFF177C
S31520023AB0D8750220000000002038202800000000CF
S31520023AC02078022000000000087602200000000074
S31520023AD0207602200000000040760220000000002E
S31520023AE060760220000000007876022000000000A6
S31520023AF0A076022000000000D076022000000000FE
S31520023B00207702200000000030770220000000000B
S31520023B10607702200000000090770220000000005B
S31520023B20A877022000000000C077022000000000D3
S31520023B30FD7BBDA9FD030091F35301A9F30300AA5E
S31520023B402000805260C207397F0A00797F060079F9
S31520023B507F0200797FFBFF97F40300AA7DFBFF9784
S31520023B60004034CB1F401FF148010054E00313AA42
S31520023B707EFDFF97003C00131F14007101FFFF54C6
S31520023B8060C24739C0FEFF35200080521100001462
S31520023B9060A246394002003560DA40F9600100B47D
S31520023BA000000090000446F9010040B9E12B00B95B
S31520023BB000084079E05B0079C2008052E1A30091BF
S31520023BC0E00313AAD1FCFF977F6E073900008052CB
S31520023BD0F35341A9FD7BC3A8C0035FD60000009022
S31520023BE001FC45F900000090000046F94EF9FF97C6
S31520023BF0EAFFFF171F2003D5D87702200000000016
S31520023C002038202800000000207802200000000032
S31520023C10FD7BBFA9FD0300911FF80379C5FFFF971E
S31520023C20FD7BC1A8C0035FD6FD7BBCA9FD03009125
S31520023C30F35301A9F55B02A9F76303A9F30300AACB
S31520023C40156C473955030034381C0012F70302AAB3
S31520023C50E00302AA7B0D0094140C0091004C009103
S31520023C6003EC7C92FF6323CBF60300914000805243
S31520023C70E0030039F8070039E00317AA710D009412
S31520023C80E00B0039F80F0091E00317AA6D0D00949E
S31520023C90E20300AAE10317AAE00318AAB90C0094CA
S31520023CA00100805200008052070000142FFDFF976A
S31520023CB01D000014C3CA61380000034A2104001102
S31520023CC0211C00129F0221EB68FFFF54C06A343880
S31520023CD02000805260C6073903000014E00313AAAD
S31520023CE022FDFF9760224739A0FFFF358206001189
S31520023CF0E10316AAE00313AAA4FBFF972000805231
S31520023D006022073913FBFF9760CE01B90300001426
S31520023D10E00313AA15FDFF9760224739A0FFFF355E
S31520023D207FC60739E003152ABF030091F35341A941
S31520023D30F55B42A9F76343A9FD7BC4A8C0035FD6FE
S31520023D40FD7BBAA9FD030091213C0012E80302AAD9
S31520023D505F0000F144A482DAFF630139E663019130
S31520023D6007000014A3C00011631C0013C20400D173
S31520023D70C3F01F38240200B4E60302AAE70304AA0A
S31520023D80E5E703B2E5CC8CF2857C459BA5FC429304
S31520023D90A4FC84CB43018052639C041B651C001245
S31520023DA0631C00137F240071EDFDFF54A3DC001178
S31520023DB0631C0013EEFFFF17A800F8B79BFFFF97BF
S31520023DC0001C0012FD7BC6A8C0035FD6A305805245
S31520023DD043F01F38C20800D1F9FFFF17FD7BBFA9A8
S31520023DE0FD030091427C4093D6FFFF97FD7BC1A83D
S31520023DF0C0035FD600000000FD7BBEA9FD03009133
S31520023E00F30B00F9014098522100A07200000090A5
S31520023E10006847F9BDF8FF9701A881526100A07298
S31520023E2000000090006C47F976FAFF977DFAFF971B
S31520023E3000000090137447F900000090017047F9C2
S31520023E40E00313AA630600940200805221A0815245
S31520023E50E00313AAC9040094017D8052800C80528B
S31520023E604A0D00942200805221A08152E00313AA17
S31520023E70C2040094017D8052803E8052430D0094FC
S31520023E8000000090007847F962FFFF97001C00129D
S31520023E90E0000034020080520100805200000090AF
S31520023EA0007847F9CEFFFF97FBFFFF17000000902F
S31520023EB0017C47F900000090006847F9A7F8FF97B0
S31520023EC0F30B40F9FD7BC2A8C0035FD61F2003D5A2
S31520023ED02038202800000000283C2028000000006E
S31520023EE0C07A022000000000604620280000000060
S31520023EF04844202800000000087802200000000024
S31520023F00FD7BBFA9FD030091E1FF9F522000805255
S31520023F10E2FAFF97FD7BC1A8C0035FD6FD7BBFA94E
S31520023F20FD030091B5FFFF9700008052FD7BC1A8DB
S31520023F30C0035FD6041840F98308407963781812C3
S31520023F4083080079041840F98308407963781D12A2
S31520023F5083080079021000B9010400F9011840F91A
S31520023F60200840790000193220080079000080528A
S31520023F70C0035FD61F080071200100541F0C007178
S31520023F80200100541F04007160000054000080527A
S31520023F90C0035FD600088052FEFFFF170010805232
S31520023FA0FCFFFF1700188052FAFFFF171F2C007123
S31520023FB0600600541F2C0071280300541F1C007138
S31520023FC0200600541F1C0071E90000541F240071B2
S31520023FD0600600541F280071A101005400E090528F
S31520023FE00A0000141F140071200500541F180071C6
S31520023FF06100005400609052040000141F100071EA
S31520024000A104005400209052C0035FD61F200071E5
S31520024010A104005400A09052FCFFFF171F3C007120
S31520024020600400541F3C0071E90000541F440071D3
S31520024030A00400541F480071A101005400E09152CF
S31520024040F2FFFF171F340071600300541F380071FE
S315200240506100005400609152ECFFFF171F3000717F
S31520024060E102005400209152E8FFFF171F40007121
S31520024070E102005400A09152E4FFFF170000915282
S31520024080E2FFFF1700809052E0FFFF170040905298
S31520024090DEFFFF1700008052DCFFFF1700C09052A0
S315200240A0DAFFFF1700008052D8FFFF1700809152D7
S315200240B0D6FFFF1700409152D4FFFF17000080520F
S315200240C0D2FFFF1700C09152D0FFFF170000805287
S315200240D0CEFFFF171F0C0071C00200541F0C007187
S315200240E0480100541F040071800200541F08007109
S315200240F06100005400608052030000142002003543
S3152002410000208052C0035FD61F140071E0010054C4
S315200241101F1800716100005400E08052FAFFFF1759
S315200241201F1000716101005400A08052F6FFFF1794
S3152002413000808052F4FFFF1700408052F2FFFF17E3
S3152002414000008052F0FFFF1700C08052EEFFFF17DB
S3152002415000008052ECFFFF17FD7BBCA9FD030091F6
S31520024160F35301A9F55B02A9F71B00F9F40300AA90
S31520024170001840F913184079733E001273061F3255
S3152002418073621512613E001201180079801640F9F9
S31520024190162840F9D71A40B9E003172A84FFFF9759
S315200241A0F503002AE003172A73FFFF977302002AFA
S315200241B0C01E40B9C8FFFF977302002A801A40F931
S315200241C0B53E0012152C007973761D12801A40F91D
S315200241D0733E001213180079F35341A9F55B42A9E5
S315200241E0F71B40F9FD7BC4A8C0035FD602504039B5
S315200241F0421C0012231680124500030A055000397C
S31520024200230440390308003923004039631043D37D
S315200242100400407964040033040000792300403905
S31520024220630008362308C0390301F83721004039D4
S31520024230220000124200052A210842D3411C012AEB
S3152002424001500039C0035FD6A2001C320250003949
S315200242502208403902080039A5001B32F4FFFF1755
S31520024260FD7BBEA9FD030091F35301A9F30300AA26
S31520024270200440B91F0C0071C00400540000805273
S31520024280220840B94200003400001B325F0C007144
S3152002429040040054220C40B95F04007120040054EB
S315200242A0621A40F9003C001240000079342840F995
S315200242B0800A40B9010800513F040071A803005446
S315200242C01F0800712003005400008052611A40F931
S315200242D0001C001220500039601A40F90100801299
S315200242E001080039E00313AA9CFFFF97800E40B90C
S315200242F080020034611A40F92050403900001E32F3
S3152002430020500039F35341A9FD7BC2A8C0035FD6D2
S3152002431000088052DBFFFF1700001C32DEFFFF176A
S3152002432000001D32DFFFFF1720008052E8FFFF1733
S31520024330810A40F9601A40F9ADFFFF97EAFFFF179D
S31520024340611A40F92050403900781D122050003958
S31520024350EDFFFF17FD7BBEA9FD030091F35301A9D3
S31520024360F30300AA021840F940084079003C0012E3
S31520024370831E80121400030A540800797F0600F96E
S31520024380601A40F99AFFFF97601A40F9940A1C3284
S315200243901408007900008052F35341A9FD7BC2A87C
S315200243A0C0035FD6FD7BBCA9FD030091F30B00F988
S315200243B0F30300AA002440F9E00200B4041440A941
S315200243C0E49702A9030840F9E31F00F9631640F9AE
S315200243D063004039030000B9010800B9020400B99C
S315200243E0612A40F9010800F9612240F920003FD6EE
S315200243F0602640F9A00000B4E28F42A9020C00A96F
S31520024400E11F40F9010800F9F30B40F9FD7BC4A82E
S31520024410C0035FD6E0A30091EDFFFF17FD7BBEA987
S31520024420FD030091F30B00F9F30300AA0700001421
S31520024430020280520F000014602240F9600000B48C
S31520024440E00313AAD8FFFF97601A40F9011C4079AE
S315200244503F1040F28004005402104079433C00127F
S3152002446001284039211C001242FE1F3702008052C9
S315200244704300103642001D32602240B980000035CA
S31520024480C2FDFF3542001E32ECFFFF17C200003488
S31520024490602240F9A0FDFFB4E00313AAC2FFFF97F2
S315200244A0EAFFFF17600E40F901000039600E40F95D
S315200244B000040091600E00F9602240B90004005108
S315200244C0602200B920FCFF35602240F9E0FBFFB4F0
S315200244D02200805201008052E00313AAB2FFFF9706
S315200244E0DAFFFF17F30B40F9FD7BC2A8C0035FD6A4
S315200244F0FD7BBDA9FD030091F35301A9F51300F934
S31520024500F40300AA351C0012F303022AE003022A4E
S31520024510DB070094A4080094035C4092017C78D3C4
S31520024520211C60920200B052610001AAE003132A04
S31520024530E6070094A1121D53E003132AD70700941D
S315200245400000009000C842F9757E4093017875B844
S31520024550E003132AEB07009441008052E003132A5A
S31520024560FB07009421008052E003132A410800949D
S315200245700000009000CC42F9147835F8F35341A993
S31520024580F51340F9FD7BC3A8C0035FD61F2003D5D0
S31520024590D0FF1F2800000000A847202800000000A6
S315200245A0FD7BBDA9FD030091F35301A9F51300F983
S315200245B0F40300AAF30301AA011440F9352840F9AD
S315200245C0622E40B961A24039CAFFFF97621640B9EE
S315200245D061424039E00314AAC6FFFF97A20640B9FA
S315200245E0A1024039E00314AAC2FFFF97621E40B916
S315200245F061624039E00314AABEFFFF97622640B9E2
S3152002460061824039E00314AABAFFFF97F35341A906
S31520024610F51340F9FD7BC3A8C0035FD6FD7BBCA979
S31520024620FD030091F35301A9F55B02A9F71B00F9DB
S31520024630F30300AAF40301AA220040394200419161
S3152002464042B8049142D476D3021800F9011400F933
S31520024650222040F9022000F9222440F9022800F9FA
S315200246601F2400F9CFFFFF97601640F9152840F95D
S3152002467055080094F60300AA000080D24E08009442
S3152002468080024039210080522120C01A2140012A6D
S315200246902020A2D2018405B92120A2D2220447B920
S315200246A0810240394224C11A82FF0736E00316AA44
S315200246B04108009444080094F70300AA000080D21F
S315200246C03D080094810240392104001136008052AF
S315200246D0C122C11A213C1053006C81D22020A2F2A1
S315200246E0010800B9000840B9E00317AA320800946D
S315200246F035080094F70300AA000080D22E08009401
S3152002470080024039D622C01AD642162A2020A2D2A8
S31520024710168408B92120A2D222044AB9810240393C
S315200247204224C11A82FF0737E00317AA22080094FF
S31520024730601A40F91F080079611A40F92018407959
S31520024740003C001200041F3220180079601A40F93A
S31520024750011040791F100079601A40F9012440792E
S315200247601F240079B60A40B996000034DF0600718C
S315200247704000005456008052601A40F9C13E001291
S3152002478001080079E10314AAE00313AAB5FEFF97F4
S3152002479060008052607200797F0600F97F1200B9AC
S315200247A07F0E00F97F2200B9601640F9141440B931
S315200247B09F7E00714C070054E003142AD707009409
S315200247C0E003142A27070094601640F9142C40B9F6
S315200247D09F7E0071AC060054E003142ACF07009492
S315200247E0E003142A1F070094B40640B99F7E007185
S315200247F02C060054E003142AC8070094E003142A66
S3152002480018070094601640F9141C40B99F7E007167
S315200248108C050054E003142AC0070094E003142AEE
S3152002482010070094601640F9142440B99F7E007147
S31520024830EC040054E003142AB8070094E003142A77
S3152002484008070094D60A1C32601A40F9D63E001296
S3152002485016080079A02640B900040034611A40F9EE
S315200248602018407900001D3220180079601A40F97C
S315200248706172407901200079A0CA88526068AA72C2
S31520024880600200B900008052F35341A9F55B42A9A8
S31520024890F71B40F9FD7BC4A8C0035FD6E003142AA8
S315200248A024070094C7FFFF17E003142A2107009468
S315200248B0CCFFFF17E003142A1E070094D0FFFF1730
S315200248C0E003142A1B070094D5FFFF17E003142ADE
S315200248D018070094DAFFFF176072407900041A3233
S315200248E060720079611A40F92018407900781C120A
S315200248F020180079DEFFFF17FD7BBCA9FD0300917E
S31520024900F35301A9F55B02A9F71B00F9F50300AAE7
S31520024910F603012A541C0012F703032AF30304AAFE
S3152002492000008012800400398000403900781E126F
S3152002493080000039E00F801280080039E0018052A1
S31520024940900600940900805203D490522300A0724C
S315200249505700001401000090218045F928586478F8
S31520024960087D161B0208C81A5F000471C905005487
S31520024970840400119F2000718809005401000090D0
S31520024980217C45F926486438C60441D3DF00296BC9
S3152002499001FFFF54A11640F921004039C1FDFF3520
S315200249A001000090217C45F921486438210C42D32C
S315200249B03F08007101FDFF54EEFFFF1702208052CF
S315200249C02106F8377F00016BCD02005403000090C8
S315200249D0637C45F96548643863024039A3001E3377
S315200249E063020039C300003363020039A50C42D3A7
S315200249F0A3041D3363020039670600395FFC037185
S31520024A0069040054621C409242781E1262020039E6
S31520024A1002008012620A003954040034E303012A98
S31520024A20E203072A62FAFF3447040051427C081B3C
S31520024A30E503002A01D490D22100A0F2A57C019B95
S31520024A40417C4093A50CC19AA160405121801A5104
S31520024A5074FBFF34017C08534208C11A5FFC0171C2
S31520024A6089F8FF54457C051BA1FC0311BF00007188
S31520024A7025B0851A012C8F52C1FFBF722120850BCA
S31520024A80D0FFFF17E103014BCFFFFF176302403927
S31520024A9063001F3263020039620A0039DFFFFF1703
S31520024AA0E303012AB3FFFF17290500113F05007111
S31520024AB0E2879F1AFF02036BE1A79F1A5F00016A32
S31520024AC06000005404008052ABFFFF17FF02036B05
S31520024AD0EB00005400008052F35341A9F55B42A932
S31520024AE0F71B40F9FD7BC4A8C0035FD66000805245
S31520024AF0FAFFFF171F2003D5007C022000000000CA
S31520024B00107C02200000000001000090210046F9DE
S31520024B1020D860F8011440F9211C40F9810200B422
S31520024B20011040B9C1060035021840F94108407902
S31520024B30213C001221001E3221781812213C00123B
S31520024B40410800791F0400F9012040F9810500B4CB
S31520024B50FD7BBFA9FD030091021080520100805205
S31520024B6011FEFF97FD7BC1A8C0035FD6011040B995
S31520024B7081FDFF34020440F9011840F94200403910
S31520024B8022180039011040B921040051011000B940
S31520024B90010440F921040091010400F9011840F9A9
S31520024BA0221C4079423048D30C000014030440F9F9
S31520024BB0011840F96300403923180039011040B921
S31520024BC021040051011000B9010440F92104009189
S31520024BD0010400F9420400115F3C00716800005490
S31520024BE0011040B941FEFF35021840F941104079C3
S31520024BF021781A1241100079CAFFFF17C0035FD627
S31520024C00A847202800000000FD7BBEA9FD030091D5
S31520024C10F30B00F901000090212846F933D860F8F9
S31520024C20E00313AAFEFDFF97611A40F9201040798E
S31520024C30003C001200781E12003C0012201000795F
S31520024C40F30B40F9FD7BC2A8C0035FD61F2003D514
S31520024C50A847202800000000FD7BBEA9FD03009185
S31520024C60F35301A901000090217846F934D860F85F
S31520024C70811A40F933104079733E001220088012BF
S31520024C806002000A201000799302003713023036A0
S31520024C90811A40F920084079003C0012821240B95C
S31520024CA022020035821080120000020A003C001205
S31520024CB020080079802240F9A00000B442008052E8
S31520024CC001008052E00314AAB7FDFF97F35341A9CE
S31520024CD0FD7BC2A8C0035FD6E00314AAD0FDFF97CE
S31520024CE0EBFFFF1700781D12F1FFFF171F2003D5D8
S31520024CF0A84720280000000001000090219446F9D0
S31520024D0020D860F8011840F922104079403C001260
S31520024D104200383600781812003C00122010007922
S31520024D20C0035FD61F2003D5A84720280000000015
S31520024D300100009021D846F920D860F8051840F9DC
S31520024D40A2104079433C0012A1244079213C001252
S31520024D50E403012A8202203663781B12020880525B
S31520024D606100003642001B3224781F12633C001277
S31520024D70A3100079011840F9843C001224240079FA
S31520024D8062010034012040F9210100B4FD7BBFA954
S31520024D90FD0300910100805283FDFF97FD7BC1A890
S31520024DA0C0035FD602008052EEFFFF17C0035FD614
S31520024DB0A847202800000000200040B91F040071E7
S31520024DC0600200541F080071C0020054400840F9D6
S31520024DD0000440B2400800F906008252450C40B950
S31520024DE0A508C61A400040F9230840F9000003CB63
S31520024DF0E303062A0008C39A210440F900701D53D2
S31520024E0020C0208B0300805213000014400840F972
S31520024E10000040B2400800F90600A852F0FFFF1732
S31520024E20400840F9000040B2400800F90604A052AA
S31520024E30EBFFFF17410840B9440840F9210004AAB4
S31520024E40018400F8410840B92100060B410800B947
S31520024E50630400117F00056BEBFEFF5400008052B5
S31520024E60C0035FD6010000F9C0035FD6FD7BBFA950
S31520024E70FD030091200040B91F04007180010054F7
S31520024E80200840F9420000CB42FC55D342F07DD3A4
S31520024E90200440F9610440B20000028BF2FFFF9722
S31520024EA000008052FD7BC1A8C0035FD6200840F9CE
S31520024EB0420000CB42FC5ED342F07DD3F5FFFF17C2
S31520024EC0FD7BBDA9FD030091F35301A9F51300F95A
S31520024ED0200040B91F040071400200541F080071CF
S31520024EE0C001005400008252550C40B9B50AC01ABE
S31520024EF0530040F9220840F9730202CBE003002A4C
S31520024F00730AC09A200440F973721D5313C0338B5F
S31520024F10140080520A0000140004A052F3FFFF1767
S31520024F200000A852F1FFFF17010080D2E00313AA66
S31520024F30CDFFFF9773220091940600119F02156BF5
S31520024F404BFFFF5400008052F35341A9F51340F959
S31520024F50FD7BC3A8C0035FD6FD7BB9A9FD030091E3
S31520024F60F35301A9F55B02A9F76303A9F40300AA87
S31520024F70010000B0338040F96102003272070094CA
S31520024F8020008052E05B00B9F33300F9FF3700F9C5
S31520024F90000000B0158440F9E30315AA020080D26E
S31520024FA0E1630191E00314AAB1FFFF97000000B06C
S31520024FB0168840F9E30316AA0200A8D2E1630191FA
S31520024FC0E00314AAAAFFFF97000000B0188C40F94C
S31520024FD0E30318AA0200B0D2E1630191E00314AA06
S31520024FE0A3FFFF97000000B0179040F9E30317AA2A
S31520024FF00200B8D2E1630191E00314AA9CFFFF9755
S3152002500040008052E05B00B9130080521800001461
S31520025010E07B40B25F0000EBA8000054F63300F9B3
S315200250200000A8D2E03700F9290000140000A812D7
S315200250305F0000EBA8000054F83300F90000B0D25C
S31520025040E03700F922000014F73300F90000B8D245
S31520025050E03700F91E000014E2030191E163019199
S31520025060E00314AA55FFFF97730600110000009073
S31520025070019440F9607E7BD32100008B210C40F9FC
S31520025080E07F40B23F0000EBE002005400000090B7
S31520025090039440F9627E7BD36000028B626862F8D9
S315200250A0E22300F9030440F9E34B00B9000840F972
S315200250B0E04F00B9E12B00F9E07740B25F0000EB48
S315200250C088FAFF54F53300F9FF3700F961FCFFB582
S315200250D0E2030191E1630191E00314AA79FFFF97AC
S315200250E0E2FFFF1700008052F35341A9F55B42A964
S315200250F0F76343A9FD7BC7A8C0035FD61F2003D54C
S3152002510000E001000000000000F0010000000000A5
S315200251100000020000000000001002000000000053
S31520025120002002000000000030780220000000006B
S31520025130033C48D32300003940000039C0035FD620
S31520025140211C0012421C0012631C00127FFC0371F8
S315200251500001005404004039841C00128300230AF3
S31520025160631C00132120C21A6300012A611C00124B
S3152002517001000039C0035FD6FD7BBFA9FD03009164
S31520025180E403012AE103022A853C48D32300805204
S315200251906320C41AE203042A000280D26020A2F20B
S315200251A0A000008BE7FFFF9700008052FD7BC1A87D
S315200251B0C0035FD6213C0012423C0012633C00121F
S315200251C0E4FF9F527F00046B0001005404004079E3
S315200251D0843C00128300230A633C00132120C21A56
S315200251E06300012A613C001201000079C0035FD6E8
S315200251F07F040031A0000054040040B98300230A32
S315200252002120C21A6100012A010000B9C0035FD61B
S31520025210FD7BB9A9FD030091F35301A9F55B02A910
S31520025220F76303A9F96B04A9FB2B00F9F403012AFE
S31520025230E2BB0191E1BF0191BEFFFF97F3BB41396A
S3152002524075061D53E0BF41390008005100181F534F
S315200252501308530B37008052F722D51A7600805254
S31520025260D622D51A9B2E4AD39A4E53D3995654D325
S31520025270985E56D3731E7ED3E303172AE203152ABA
S31520025280814A52D3000283D26020A2F26002008BAE
S31520025290D8FFFF97E303162AE203152AE1031B2A06
S315200252A0000282D26020A2F26002008BD1FFFF9719
S315200252B0E0BF41391F04007100010054F35341A994
S315200252C0F55B42A9F76343A9F96B44A9FB2B40F985
S315200252D0FD7BC7A8C0035FD6E303172AE203152A7C
S315200252E0E1031A2A000184D26020A2F2C1FFFF97AD
S315200252F0E303162AE203152AE103192A008184D23E
S315200253006020A2F2BBFFFF97E303162AE203152AC7
S31520025310E103182A000185D26020A2F2B5FFFF9789
S31520025320E7FFFF17FD7BB7A9FD030091F35301A900
S31520025330F55B02A9F76303A9F96B04A9FB7305A917
S31520025340F303012AE23B0291E13F029179FFFF97A3
S31520025350E23B423954041D53E03F423901181F53A0
S315200253602108420B371C00122300805275008052FE
S31520025370B522D41A7620D41A41741E53E4008052E0
S315200253808120C11AE16F00B97C2E4AD37B4651D3C4
S315200253907A1644D3794E53D3785654D3645E56D371
S315200253A0E43B00F9646A58D3E43F00F96320C21A49
S315200253B0614250D3044280D26420A2F28000208B24
S315200253C060FFFF97F31E7ED3E303152AE203142A16
S315200253D0E1031C2A001082D26020A2F26002008B16
S315200253E084FFFF97E303162AE203142AE1031B2A0A
S315200253F0009082D26020A2F26002008B7DFFFF978E
S31520025400E303152AE203142AE1031A2A009083D21F
S315200254106020A2F26002008B76FFFF97E303162A32
S31520025420E203142AE103192A001084D26020A2F290
S315200254306002008B6FFFFF97E303152AE203142A0B
S31520025440E103182A009084D26020A2F26002008B27
S3152002545068FFFF97E303152AE203142AE17340B992
S31520025460001085D26020A2F26002008B61FFFF97B6
S31520025470E43F4239E23B4239E36F40B942741E535C
S31520025480E17B40B9008880D26020A2F20008048B1A
S3152002549058FFFF97F35341A9F55B42A9F76343A946
S315200254A0F96B44A9FB7345A9FD7BC9A8C0035FD646
S315200254B0FD7BB6A9FD030091F35301A9F55B02A971
S315200254C0F76303A9F96B04A9FB7305A9F303012A60
S315200254D0E27B0291E17F029116FFFF97E27B42393E
S315200254E054041D53E07F423901181F532108420BF1
S315200254F0371C001236008052C122C21A231C001207
S315200255004100020B75008052A122C11A213C0012D1
S31520025510E18B00B9B522D41AD622D41A7C2E4AD3CC
S315200255207B4651D37A1644D3793A4ED3784E53D307
S31520025530645654D3E43B00F9645E56D3E43F00F943
S31520025540640E42D3E44300F964020012E48F00B9E8
S31520025550E36F00B9614250D3044280D26420A2F2A2
S315200255608000208BF7FEFF97F31E7ED3E303152AD6
S31520025570E203142AE1031C2A001082D26020A2F23E
S315200255806002008B1BFFFF97E303162AE203142A0D
S31520025590E1031B2A009082D26020A2F26002008BD5
S315200255A014FFFF97E303152AE203142AE1031A2ABA
S315200255B0009083D26020A2F26002008B0DFFFF973B
S315200255C0E303162AE203142AE103192A009085D25C
S315200255D06020A2F26002008B06FFFF97E303162AE1
S315200255E0E203142AE103182A001084D26020A2F2D0
S315200255F06002008BFFFEFF97E303152AE203142ABB
S31520025600E17340B9009084D26020A2F26002008B3E
S31520025610F8FEFF97E303152AE203142AE17B40B939
S31520025620001085D26020A2F26002008BF1FEFF9765
S31520025630E07F42390000008BE27B4239E313417955
S3152002564042381F53E1034179042480D26420A2F216
S315200256500000048BD8FEFF97E47F4239E3B3413939
S31520025660E27B4239E1334239000280D26020A2F243
S315200256708000008BB3FEFF97F35341A9F55B42A945
S31520025680F76343A9F96B44A9FB7345A9FD7BCAA815
S31520025690C0035FD6FD7BBFA9FD0300911F3C10729C
S315200256A0A1000054C10080361FFFFF97FD7BC1A8D1
S315200256B0C0035FD6D7FEFF97FDFFFF177DFFFF973B
S315200256C0FBFFFF1700000000FD7BBEA9FD03009132
S315200256D0F35301A9F40300AA3B040094F30300AA9E
S315200256E0000080D2340400940000009000E443F9C4
S315200256F0000040B9C0000035000286D26020A2F226
S315200257001F10003901088052011000390000009054
S3152002571001E443F9200040B900040011200000B939
S31520025720E00313AA240400941300805209000014F3
S31520025730820640F9613E7DD34000018B416861B803
S31520025740000440B9D4FFFF9773060011733E00127E
S31520025750800240791F00136BC8FEFF541A0400947E
S31520025760F30300AA000080D21304009400000090E4
S3152002577000E443F9000040B9C00000340000009064
S3152002578001E443F9200040B900040051200000B989
S315200257900000009000E443F9000040B9C000003543
S315200257A0000286D26020A2F21F100039E10F801279
S315200257B001100039E00313AAFF030094F35341A911
S315200257C0FD7BC2A8C0035FD6A047202800000000A8
S315200257D0FD7BBFA9FD030091E20300AAE00301AA13
S315200257E0814A8A52E109AA72410000B9400800F9A9
S315200257F0B6FFFF9700008052FD7BC1A8C0035FD68B
S3152002580000008052C0035FD6FD7BBEA9FD03009136
S31520025810F30B00F9F30300AAFAFFFF978000003585
S31520025820610A40F92200805222500039F30B40F9D6
S31520025830FD7BC2A8C0035FD6FD7BBEA9FD030091F6
S31520025840F35301A9F40300AAF30301AAEDFFFF977C
S3152002585000010035810A40F9214040392100001219
S31520025860610600B9810A40F9210440B9610200B9F2
S31520025870F35341A9FD7BC2A8C0035FD6011800B924
S31520025880000840F9010000B9C0035FD600000000FD
S31520025890FD7BBCA9FD030091F35301A9F55B02A987
S315200258A0F71B00F9F40300AAF30301AA20404039AA
S315200258B0002841910010009100D476D3800A00F985
S315200258C0810600F9C0030094F50300AA000080D2E5
S315200258D0B903009460424039210080522120C01A27
S315200258E02140012A2020A2D2013405B92120A2D2A8
S315200258F022B446B9614240394224C11A82FF073690
S31520025900E00315AAAC030094AF030094F60300AAA1
S31520025910000080D2A8030094614240392110001170
S3152002592035008052A122C11A213C1053006C81D22B
S315200259302020A2F2011C00B9001C40B9E00316AADD
S315200259409D030094A0030094F60300AA000080D2CF
S315200259509903009461424039A122C11A213C105375
S315200259603720A2D2E13608B9E00316AA92030094A0
S3152002597095030094F60300AA000080D28E030094B9
S3152002598060424039B522C01AB542152AF53608B901
S315200259902120A2D222B449B9614240394224C11AF5
S315200259A05500001262FF0737E00316AA820300940D
S315200259B0800A40F92100805201600039610640B90F
S315200259C0E00314AAAEFFFF97611640F9200040B902
S315200259D01F04007140000054E003152A210440B937
S315200259E03F04007180020054810A40F9001C001213
S315200259F020800039751640B93502F836600E40F916
S31520025A00801200F9601240F9801A00F99F1600F9F7
S31520025A10A0898A52E008A072800200B90000805252
S31520025A20F35341A9F55B42A9F71B40F9FD7BC4A8B4
S31520025A30C0035FD600001F32ECFFFF1776464039BF
S31520025A4059030094015C4092007C78D3001C60923A
S31520025A500200B052210000AAE003152A9B020094FC
S31520025A60C1121D53E003152A8C02009400000090F7
S31520025A70006845F9B67E4093017876B8E003152A88
S31520025A80A002009441008052E003152AB00200943D
S31520025A9021008052E003152AF602009400000090AD
S31520025AA0006C45F9147836F8BF7E0071CC0000549C
S31520025AB0E003152A19030094E003152A69020094CB
S31520025AC0CFFFFF17E003152A9A020094FBFFFF1768
S31520025AD0D0FF1F2800000000A84720280000000051
S31520025AE0FD7BBDA9FD030091F30B00F90100009097
S31520025AF021B445F933D860F8600640F9000040B970
S31520025B001F04007160020054601240F9C00100B403
S31520025B10601640F9600200B4020C40A9E20F02A905
S31520025B201F0800B9611A40F9010000F9611240F913
S31520025B3020003FD6601640F9600000B4E20F42A969
S31520025B40020C00A9F30B40F9FD7BC3A8C0035FD664
S31520025B50600A40F92100805201600039EBFFFF17ED
S31520025B60E0830091EFFFFF17A847202800000000DE
S31520025B70FD7BBEA9FD030091F35301A913008052B8
S31520025B801300001410030094F40300AA000080D22C
S31520025B9009030094E203132A210080522120D31AFA
S31520025BA0213C10532020A2D2013405B92120A2D2B1
S31520025BB021B446B92124C21AA1FF0737E00314AA49
S31520025BC0FD02009473060011731E00127F0A0071F3
S31520025BD0A9FDFF54FC020094F30300AA000080D220
S31520025BE0F50200942020A2D22100A052013805B944
S31520025BF02120A2D221B846B9C1FF0737E00313AA52
S31520025C00ED020094F0020094F30300AA000080D271
S31520025C10E90200942020A2D22100A052013C05B91B
S31520025C202120A2D221BC46B9C1FF0737E00313AA1D
S31520025C30E102009413008052F302003413008052D2
S31520025C407F06007188040054DF020094F40300AA40
S31520025C50000080D2D802009460761E53E201805260
S31520025C604220C01A413C10532020A2D2015405B929
S31520025C702120A2D221D446B95F00016AA1FFFF5496
S31520025C80E00314AACC02009473060011731E0012BC
S31520025C90ECFFFF17CC020094F40300AA000080D286
S31520025CA0C50200942020A2D26100A052014805B963
S31520025CB02120A2D221C846B93F0440F2A1FFFF54B7
S31520025CC0E00314AABC02009473060011731E00128C
S31520025CD0DAFFFF1713008052730300341300805239
S31520025CE03305003413008052F30600341300805229
S31520025CF07F0E007188080054B3020094F40300AAB0
S31520025D00000080D2AC0200946002130B6200805223
S31520025D104220C01A413C10532020A2D2017005B95C
S31520025D202120A2D221F046B95F00016AA1FFFF54C9
S31520025D30E00314AAA002009473060011731E001237
S31520025D40ECFFFF17A0020094F40300AA000080D201
S31520025D50990200942020A2D26100A052015C05B9CA
S31520025D602120A2D221DC46B93F0440F2A1FFFF54F2
S31520025D70E00314AA9002009473060011731E001207
S31520025D80D6FFFF1790020094F40300AA000080D2E7
S31520025D90890200942020A2D2E103A052016405B90F
S31520025DA02120A2D221E446B93F1040F2A1FFFF549E
S31520025DB0E00314AA8002009473060011731E0012D7
S31520025DC0C8FFFF1780020094F40300AA000080D2C5
S31520025DD0790200942020A2D26100A052016C05B95A
S31520025DE02120A2D221EC46B93F0440F2A1FFFF5462
S31520025DF0E00314AA7002009473060011731E0012A7
S31520025E00BAFFFF1770020094F30300AA000080D2A3
S31520025E10690200942020A2D2A100A052017805B9DD
S31520025E202120A2D222F846B9A10080525F00016A3F
S31520025E3081FFFF54E00313AA5F02009462020094DA
S31520025E40F30300AA000080D25B0200942020A2D293
S31520025E504100A052017805B92120A2D221F846B9E3
S31520025E60C1FF0F37E00313AA53020094560200948F
S31520025E70F30300AA000080D24F0200942020A2D26F
S31520025E800101A052017805B92120A2D221F846B9F2
S31520025E90C1FF1F37E00313AA470200941300805262
S31520025EA07F0600718802005447020094F40300AA78
S31520025EB0000080D240020094E203132A210080527D
S31520025EC02120D31A213C10532020A2D2017C05B9CD
S31520025ED02120A2D221FC46B92124C21AA1FF0737CA
S31520025EE0E00314AA3402009473060011731E0012F2
S31520025EF0ECFFFF17130080527F0E007188020054B8
S31520025F0031020094F40300AA000080D22A020094EF
S31520025F10E203132A210080522120D31A213C105356
S31520025F202020A2D2018005B92120A2D2210047B980
S31520025F302124C21AA1FF0737E00314AA1E020094E5
S31520025F4073060011731E0012ECFFFF171300805216
S31520025F50130000141C020094F40300AA000080D24D
S31520025F6015020094E203132A210080522120D31A1B
S31520025F70213C10532020A2D2018405B92120A2D28D
S31520025F80210447B92124C21AA1FF0737E00314AA24
S31520025F900902009473060011731E00127F1200710B
S31520025FA0A9FDFF54130080527F0600718802005417
S31520025FB005020094F40300AA000080D2FE01009498
S31520025FC0E203132A210080522120D31A213C1053A6
S31520025FD02020A2D2018805B92120A2D2210847B9C0
S31520025FE02124C21AA1FF0737E00314AAF201009462
S31520025FF073060011731E0012ECFFFF171300805266
S31520026000730000341300805222000014EE01009423
S31520026010F40300AA000080D2E70100942020A2D235
S315200260202100A052018C05B92120A2D2210C47B908
S31520026030C1FF0737E00314AADF010094730600119B
S31520026040731E0012EFFFFF17DF010094F40300AA6C
S31520026050000080D2D8010094E203132A2100805244
S315200260602120D31A213C10532020A2D2019005B917
S315200260702120A2D2211047B92124C21AA1FF073713
S31520026080E00314AACC01009473060011731E0012B9
S315200260907F0A0071A9FDFF54CB010094F30300AAE5
S315200260A0000080D2C40100942020A2D22100A05256
S315200260B0019405B92120A2D2211447B9C1FF07377D
S315200260C0E00313AABC010094BF010094F30300AAC3
S315200260D0000080D2B80100942020A2D26100A052F2
S315200260E001A805B92120A2D2212847B93F0440F2AE
S315200260F0A1FFFF54E00313AAAF01009413008052BC
S3152002610093000034F35341A9FD7BC2A8C0035FD696
S31520026110AD010094F40300AA000080D2A6010094E7
S315200261202020A2D22100A05201AC05B92120A2D260
S31520026130212C47B9C1FF0737E00314AA9E01009418
S3152002614073060011731E0012EEFFFF1700000000F7
S315200261500000009000B840F9010040B9000000900C
S3152002616000BC40F9010000B9C0035FD61F2003D549
S31520026170D007202800000000AC572028000000008D
S31520026180FD7BBFA9FD03009100000090002041F98C
S31520026190014099524173A772010000B902409852F8
S315200261A0627DA172020400B901DC8552010800B9A0
S315200261B0020C00B901209C52A1BEA072011000B9A6
S315200261C0021400B9011800B903E89D5283F8A3729C
S315200261D0031C00B9032000B9022400B903F48E522D
S315200261E043FCA172032800B903F082528396A5725A
S315200261F0032C00B903509652C3DCA172033000B9B6
S31520026200038096528398A072033400B9013800B9EC
S31520026210013C00B9024000B9014400B90180905204
S31520026220E1FAA272014800B901C08652C12DA072BC
S31520026230014C00B9C7FFFF97FD7BC1A8C0035FD6FB
S31520026240D007202800000000FD7BBFA9FD03009196
S31520026250CCFFFF9747FEFF972020A2D2008042B9AB
S31520026260C0FF07372020A2D22100A052010002B986
S315200262702020A2D2008042B9C0FF07372020A2D216
S31520026280008042B9C0FFE7372020A2D2E183003244
S31520026290011802B92020A2D2008042B9C0FFE737F6
S315200262A02020A2D2008042B9C0FFEF372020A2D2FE
S315200262B0E1830C32011802B92020A2D2008042B911
S315200262C0C0FFEF372020A2D2008042B9C0FF273775
S315200262D02020A2D22100A052010402B92020A2D25B
S315200262E0008042B9C0FF27372020A2D2008042B9BF
S315200262F0C0FF4F372020A2D20102A052010802B9C4
S315200263002020A2D2008042B9C0FF4F372020A2D23D
S31520026310008042B9C0FF47372020A2D22100A052D6
S31520026320010802B92020A2D2008042B9C0FF473715
S315200263302020A2D2000C42B9400100342020A2D251
S31520026340008042B9C0FF5F372020A2D22100A0528E
S31520026350010C02B92020A2D2008042B9C0FF5F37C9
S315200263602020A2D2E1830032012004B92100A052CA
S31520026370011804B9FD7BC1A8C0035FD60000000046
S315200263800100009021C841F9205860B8C0035FD6A9
S31520026390D007202800000000000020D400000014AE
S315200263A07F0400B1A0000054040040B98300230AF0
S315200263B02120C21A6100012A010000B9C0035FD65A
S315200263C0000040B95F0400B1600000540000020AD8
S315200263D00024C19AC0035FD6FD7BBFA9FD030091AD
S315200263E00300809202008052E103002A0032A2D2E8
S315200263F0ECFFFF97FD7BC1A8C0035FD6FD7BBFA93B
S31520026400FD03009102008092010080520032A2D246
S31520026410ECFFFF97FD7BC1A8C0035FD6FD7BBEA91B
S31520026420FD030091F30B00F9F303002AF4FFFF9713
S31520026430730A00120000132AE8FFFF97F30B40F9B4
S31520026440FD7BC2A8C0035FD6FD7BBFA9FD030091D9
S3152002645000041C12E1FFFF97FD7BC1A8C0035FD693
S31520026460210080522120C01A007C0553022080D2AE
S315200264700232A2F2417820B8C0035FD621008052B0
S315200264802120C01A007C0553023080D20232A2F2A9
S31520026490417820B8C0035FD6FD7BBFA9FD030091DA
S315200264A002041D5300747E92E31F80526320C21A97
S315200264B0048080D20432A2F20000048BB9FFFF9737
S315200264C0FD7BC1A8C0035FD61F7C007189010054E1
S315200264D0E203022A410001AA008000510200000BB9
S315200264E00000000B03208CD20332A2F2617820B87E
S315200264F021FC60D340040011617820B8C0035FD626
S31520026500FD7BBFA9FD030091020C1F53007C04539F
S31520026510630080D26320C21A048081D20432A2F29E
S315200265208008008B9FFFFF97FD7BC1A8C0035FD623
S31520026530210080522120C01A007C0553025080D2AD
S315200265400232A2F2417820B8C0035FD6FD7BBDA9F4
S31520026550FD030091F35301A9F55B02A9360441D349
S3152002656015100012007C055313F47ED3340080D21A
S315200265709422D51AE30314AAE203152A2100001253
S31520026580001080D20032A2F26002008B85FFFF97B4
S31520026590E30314AAE203152AE103162A00A081D2F4
S315200265A00032A2F26002008B7EFFFF97F35341A9CD
S315200265B0F55B42A9FD7BC3A8C0035FD6FD7BBEA9BE
S315200265C0FD030091F35301A934044193137C7ED336
S315200265D0030080920200805221004093001080D254
S315200265E00032A2F26002008B6EFFFF9703008092B8
S315200265F002008052E103142A00A081D20032A2F2C4
S315200266006002008B67FFFF97F35341A9FD7BC2A867
S31520026610C0035FD6FD7BBDA9FD030091F35301A9FB
S31520026620F51300F9F503002AE20380D20100805215
S31520026630800080D20032A2F262FFFF97F403002A82
S315200266401300805205000014E103152AE003132AE1
S31520026650DBFFFF97730600117F02146B69FFFF545D
S31520026660F35341A9F51340F9FD7BC3A8C0035FD6B6
S315200266701F7C007149020054FD7BBFA9FD030091D6
S31520026680A10100374100805203800051020C1F53A2
S31520026690607C0453630080D26320C21A04019CD218
S315200266A00432A2F28008008B3EFFFF97FD7BC1A831
S315200266B0C0035FD621008052F4FFFF17C0035FD6C6
S315200266C0FD7BBFA9FD030091030080920200805248
S315200266D041008052800480D28032A2F231FFFF979D
S315200266E0430080D22200805201008052800280D252
S315200266F08032A2F22BFFFF97820080D24100805285
S31520026700800280D28032A2F22EFFFF9760FFFF35F1
S31520026710FD7BC1A8C0035FD6210080522120C01A6A
S31520026720005080D2A032A2F2010000B9C0035FD687
S31520026730FD7BBEA9FD030091F30B00F913044193DF
S31520026740030080920200805201004093001080D202
S31520026750A032A2F213FFFF9703008092020080521A
S31520026760E103132A00A081D2A032A2F20DFFFF97E5
S31520026770F30B40F9FD7BC2A8C0035FD6FD7BBFA900
S31520026780FD0300910300809202008052E103002A59
S31520026790000580D28032A2F202FFFF97FD7BC1A8BC
S315200267A0C0035FD6000180D28032A2F2000440B933
S315200267B0C0035FD6001C4092004618D5DF3F03D5A2
S315200267C0C0035FD6004638D5DF3F03D5001C409272
S315200267D0C0035FD6005C409220C818D5DF3F03D5A0
S315200267E0C0035FD6005C409220CC18D5DF3F03D58C
S315200267F0C0035FD600C838D5005C0012C0035FD63E
S3152002680000CC38D5005C0012C0035FD60000000021
S31520026810FD7BBFA9FD0300912E010094E2FFFF97A5
S3152002682001000090213044F9200000B900000090B8
S31520026830003444F91F0000B9001F80D2DEFFFF9703
S31520026840E0008052F6FEFF9720010094200080523D
S31520026850CBFFFF97FD7BC1A8C0035FD61F2003D5C0
S31520026860A857202800000000A44720280000000086
S31520026870FD7BBEA9FD030091F30B00F9E1FFFF9713
S31520026880F303002A1FFC0771C80000540000009081
S31520026890005C44F9015873F8E003132A20003FD61E
S315200268A0E003132AD0FFFF97F30B40F9FD7BC2A822
S315200268B0C0035FD61F2003D5200820280000000031
S315200268C0FD7BBDA9FD030091F35301A9F55B02A946
S315200268D0C9FFFF97F303002A150080D2757E40B3C5
S315200268E000F00F511F0C007128010054C5FFFF97BD
S315200268F0F403002A957E60B300F00F511F0C00713D
S31520026900090200543600805203000014F403132AAD
S3152002691016008052EB0000949FFE0771C8000054B7
S315200269200000009000B044F9015874F8E003142ADC
S3152002693020003FD6F6000035E003132AA6FFFF9774
S31520026940F35341A9F55B42A9FD7BC3A8C0035FD6D9
S31520026950A0FE60D3A4FFFF97FAFFFF171F2003D5DF
S31520026960200820280000000000103ED5000074B246
S3152002697000101ED5DF3F03D5C0035FD600103ED5DB
S3152002698000007EB200101ED5DF3F03D5C0035FD6BE
S3152002699000103ED500F8739200101ED5DF3F03D5B6
S315200269A0C0035FD600103ED500F87D9200101ED59A
S315200269B0DF3F03D5C0035FD6BF3B03D5200039D5C1
S315200269C003080812637C1753030400340A0080521A
S315200269D02800805242054A0B0124C21A21080012BD
S315200269E03F0800718B0200540A001AD5DF3F03D5F7
S315200269F0010039D522080012421000112430035317
S31520026A008510C05A8920C51A1021C51A276C0D5324
S31520026A10E720C21A1121C21A4B01092A6B01072A41
S31520026A204B7A08D5E700116B8AFFFF54290110EB38
S31520026A30EAFEFF544A0900117F000A6BCCFCFF5480
S31520026A409F3F03D5DF3F03D5C0035FD6BF3B03D5A8
S31520026A50200039D503080812637C17530304003437
S31520026A600A0080522800805242054A0B0124C21A8B
S31520026A70210800123F0800718B0200540A001AD521
S31520026A80DF3F03D5010039D522080012421000113A
S31520026A90243003538510C05A8920C51A1021C51ADD
S31520026AA0276C0D53E720C21A1121C21A4B01092A5B
S31520026AB06B01072A4B7E08D5E700116B8AFFFF542C
S31520026AC0290110EBEAFEFF544A0900117F000A6BE6
S31520026AD0CCFCFF549F3F03D5DF3F03D5C0035FD6CF
S31520026AE0BF3B03D5200039D503080812637C175310
S31520026AF0030400340A0080522800805242054A0BC1
S31520026B000124C21A210800123F0800718B02005488
S31520026B100A001AD5DF3F03D5010039D52208001213
S31520026B2042100011243003538510C05A8920C51AF9
S31520026B301021C51A276C0D53E720C21A1121C21A39
S31520026B404B01092A6B01072A4B7608D5E700116B00
S31520026B508AFFFF54290110EBEAFEFF544A0900116D
S31520026B607F000A6BCCFCFF549F3F03D5DF3F03D542
S31520026B70C0035FD62100008B22003BD5444C50D364
S31520026B80830080D26320C49A640400D10400248A3C
S31520026B90247A0BD58400038B9F0001EBABFFFF54B5
S31520026BA09F3B03D5420C4092830080D26320C29A37
S31520026BB0640400D10400248A24750BD58400038B37
S31520026BC09F0001EBABFFFF549F3B03D5DF3F03D56D
S31520026BD0C0035FD62100008B22003BD5444C50D304
S31520026BE0830080D26320C49A640400D10400248ADC
S31520026BF0247608D58400038B9F0001EBABFFFF545C
S31520026C009F3B03D5420C4092830080D26320C29AD6
S31520026C10640400D10400248A24750BD58400038BD6
S31520026C209F0001EBABFFFF549F3B03D5DF3F03D50C
S31520026C30C0035FD62100008B22003BD5444C50D3A3
S31520026C40830080D26320C49A640400D10400248A7B
S31520026C50247E0BD58400038B9F0001EBABFFFF54F0
S31520026C609F3B03D5420C4092830080D26320C29A76
S31520026C70640400D10400248A24750BD58400038B76
S31520026C809F0001EBABFFFF549F3B03D5DF3F03D5AC
S31520026C90C0035FD6A1F338D51F0000F1600000546F
S31520026CA0210C7CB20200001421EC7892A1F318D5B3
S31520026CB0DF3F03D5C0035FD6000020D4C0035FD6D2
S31520026CC0FF4103D5C0035FD6FF4F03D5C0035FD66E
S31520026CD0FE8F1FF8000080D200007DB200007EB237
S31520026CE000007FB2000040B2A0CC1ED5DF3F03D504
S31520026CF0000080D2000040B2A0CC18D5600080D21D
S31520026D0060C818D560CC18D5000680D2CFFDFF9773
S31520026D106CFEFF972000805286FEFF97E01F80D2EE
S31520026D20004618D5200080523BFEFF97600080D295
S31520026D30E0CC1ED5FE8740F8C0035FD600203ED5A4
S31520026D40C0035FD601201ED5C0035FD60000000017
S31520026D50FD7BBEA9FD030091F35301A900008052D9
S31520026D60A2EFFF9739FDFF97200080529FEFFF97F2
S31520026D700000009014EC46F90000009000F046F95D
S31520026D80940200CB948A43D3130080520600001447
S31520026D900000009000F046F900D873F800003FD6B4
S31520026DA0730600117F02146B4BFFFF54E9FCFF9719
S31520026DB0400080528DEFFF9796FEFF97000080D20B
S31520026DC00B000094E9FEFF97EDFEFF97F35341A9CE
S31520026DD0FD7BC2A8C0035FD6307C022000000000E3
S31520026DE0287C022000000000C0035FD6C0035FD6C5
S31520026DF0000000000000000000000000000000006B
S31520026E00200080F92400028B0500028B5F4000F1EE
S31520026E10090200545F8001F148060054490400D15A
S31520026E20261C40A9690430378C347FA9A90028364C
S31520026E30282441A98A2C7EA9082401A9AA2C3EA984
S31520026E40061C00A9AC343FA9C0035FD61F2003D578
S31520026E505F2000F1E3000054260040F987805FF8A6
S31520026E60060000F9A7801FF8C0035FD61F2003D5AE
S31520026E70C2001036260040B987C05FB8060000B9A6
S31520026E80A7C01FB8C0035FD6020100B449FC41D394
S31520026E902600403987F05F382868693806000039AD
S31520026EA008682938A7F01F38C0035FD61F2003D5EC
S31520026EB0282441A92A2C42A92C3443A981087EA937
S31520026EC0840C7FA9061C00A9082401A90A2C02A960
S31520026ED00C3403A9A1083EA9A40C3FA9C0035FD67E
S31520026EE0090C409203EC7C922C3440A9210009CB58
S31520026EF04200098B261C41A90C3400A9282442A948
S31520026F002A2C43A92C34C4A9424002F16901005417
S31520026F10661C01A9261C41A9682402A9282442A983
S31520026F206A2C03A92A2C43A96C3484A92C34C4A91B
S31520026F30420001F1E8FEFF5481087CA9661C01A9E2
S31520026F40861C7DA9682402A988247EA96A2C03A905
S31520026F508A2C7FA96C3404A9A1083CA9A61C3DA9A8
S31520026F60A8243EA9AA2C3FA9C0035FD60000000090
S31520026F7000000000000000000000000000000000E9
S31520026F80050001CB5F8001F1A28042FAA2F3FF54F1
S31520026F90C50400B40400028B2300028B850C4092A8
S31520026FA06C347FA9630005CB420005CB661C7FA902
S31520026FB08C343FA968247EA96A2C7DA96C34FCA94D
S31520026FC0840005CB420002F1890100541F2003D51B
S31520026FD0861C3FA9661C7FA988243EA968247EA90F
S31520026FE08A2C3DA96A2C7DA98C34BCA96C34FCA9B7
S31520026FF0420001F1E8FEFF54221443A9861C3FA950
S31520027000261C42A988243EA9282441A98A2C3DA9C6
S315200270102A2C40A98C343CA9021403A9061C02A9D5
S31520027020082401A90A2C00A9C0035FD6000000008B
S315200270300000000000000000000000000000000028
S31520027040200C014E0400028B5F8001F1C80300541C
S315200270505F4000F102020054013C084EA20018369D
S31520027060010000F981801FF8C0035FD61F2003D5D7
S3152002707082001036010000B981C01FB8C0035FD656
S31520027080820000B4010000394200083681E01F78F0
S31520027090C0035FD60000803DC200303780009F3C8F
S315200270A0620028360004803D80009E3CC0035FD6E5
S315200270B00004803D000001AD80003FADC0035FD6D5
S315200270C01F2003D5211C001203EC7C920000803D78
S315200270D05F0004F12028407A80010054820003CB0D
S315200270E0634000D1424001D1600001AD600082AD13
S315200270F0420001F1A8FFFF5480003EAD80003FAD63
S31520027100C0035FD61F2003D5E5003BD585FE273772
S31520027110A50C0012BF100071810200546004803D4C
S31520027120600001AD63E47A92600002AD600003ADB7
S31520027130820003CB420004D1630002911F2003D5B3
S3152002714023740BD563000191420001F1A8FFFF547D
S31520027150600000AD600001AD80003EAD80003FAD15
S31520027160C0035FD61F2003D5BF140071410200540D
S315200271706004803D600001AD600002AD600003AD99
S3152002718063E07992820003CB420004D1630002912C
S3152002719023740BD563000291420002F1A8FFFF542B
S315200271A080003CAD80003DAD80003EAD80003FAD0D
S315200271B0C0035FD686008052C720C51AE50001911A
S315200271C05F0005EBC3F8FF54E60400D16500078B88
S315200271D063400091A20003EBA500268AA00000547A
S315200271E0600082AC60003FAD420001F1A8FFFF546F
S315200271F0E30305AA820005CB420007EBA300005455
S3152002720023740BD56300078B420007EBA2FFFF54C2
S315200272104200078B638000D1B6FFFF1700000000F3
S315200272200000000000000000000000000000000036
S315200272300000000000000000000000000000000026
S31520027240042C4092E8C300B29FC03FF12C080054A0
S31520027250020C40A9440008CB45D800B2660008CBF0
S3152002726067D800B2840025EAC500278AA00840FA1A
S31520027270000100548430859A000180D2840CC0DA41
S315200272808410C0DAE033809A000C448BC0035FD6A8
S3152002729001EC7C92214000D1220CC2A9440008CBE9
S315200272A0660008CB850006AABF1C08EA0101005425
S315200272B0220C41A9440008CB660008CB850006AA09
S315200272C0BF1C08EAA0FEFF542140009145D800B217
S315200272D067D800B2840025EAC500278AA00840FAAA
S315200272E0200100548430859A200000CB840CC0DA19
S315200272F0052000918410C0DA0030859A000C448B58
S31520027300C0035FD6220CC1A9440008CB45D800B2DF
S31520027310660008CB67D800B2840025EAC500278A12
S31520027320A00840FA01FEFF54220CC1A9440008CB52
S3152002733045D800B2660008CB67D800B2840025EA99
S31520027340C500278AA00840FAE0FDFF54E6FFFF1792
S3152002735001EC7C92220C40A904F07DD30700809296
S31520027360E420C49A84C001B2420024AA650024AA59
S315200273701F007DF24200879A6300859AC8FFFF1795
S31520027380080000141F2003D5F0FFEF9010E223918E
S3152002739000021FD6000000000000000000000000CE
S315200273A066616C7365000000766F696420536572AE
S315200273B069616C436F6D7061746962696C69747915
S315200273C04C617965723A3A66696C6C5F627566667B
S315200273D028290000000000002E2E2F7372632F53DF
S315200273E0657269616C436F6D7061746962696C69FB
S315200273F074792E6800000000657272203D3D204699
S3152002740053505F5355434345535300000000000039
S315200274106673705F6572725F742053657269616C00
S31520027420436F6D7061746962696C6974794C6179B4
S3152002743065723A3A756172745F7072696E742875F4
S31520027440696E74385F742A2C2075696E7431365FC2
S315200274507429000000000000766F6964205365726B
S3152002746069616C436F6D7061746962696C69747964
S315200274704C617965723A3A756172745F696E6974A4
S315200274802875696E7433325F742A29000000000061
S315200274904653505F53554343455353203D3D206544
S315200274A072720000000000003000000000000000A0
S315200274B02D00000000000000766F6964205365727B
S315200274C069616C436F6D7061746962696C69747904
S315200274D04C617965725F313A3A66696C6C5F6275A6
S315200274E0666628290000000075696E74385F74206C
S315200274F053657269616C436F6D7061746962696C00
S315200275006974794C617965725F313A3A7265616460
S3152002751028290000000000006673705F6572725FA2
S31520027520742053657269616C436F6D706174696210
S31520027530696C6974794C617965725F313A3A756121
S3152002754072745F7072696E742875696E74385F74AE
S315200275502A2C2075696E7431365F7429000000006A
S31520027560766F69642053657269616C436F6D7061D1
S31520027570746962696C6974794C617965725F313AB2
S315200275803A756172745F696E69742875696E7433AF
S31520027590325F742A290000002A2A204572726F72ED
S315200275A020617420696E697469616C6973696E679A
S315200275B02074696D6572202A2A0A000000000000E4
S315200275C05B47656E69655D3A2041434B2074696D60
S315200275D0656F7574210A00005B47656E69655D3AC1
S315200275E020646973636F6E6E656374656420627965
S315200275F020646973706C61792074696D656F757426
S315200276000A000000000000005B47656E69655D3A6E
S31520027610206F6E6C696E650A000000000000000093
S315200276205B47656E69655D3A205265636F76657262
S3152002763065642066726F6D204E414B2873290A00BD
S315200276405B47656E69655D3A204175746F50696E58
S31520027650672073756363657373210A000000000057
S315200276605B47656E69655D3A205573657220666F64
S3152002767072676F7420000000206D61676963206263
S315200276807974652873292E20466C757368696E672E
S3152002769020726573742E2E2E0A0000000000000050
S315200276A05B47656E69655D3A205573657220636135
S315200276B070747572656420616C6C206D6167696394
S315200276C0206279746573210A000000000000000020
S315200276D05B47656E69655D3A205573657220636105
S315200276E070747572656420616C6C206D6167696364
S315200276F02062797465732C206275742074726965B0
S315200277006420746F2070756C6C206D6F72652074A6
S3152002771068616E2070726F76696465642120280024
S315200277202062797465287329290A00000000000066
S315200277305B47656E69655D3A204D4D6167696320D9
S3152002774062797465732063616C6C6261636B206E0F
S315200277506F7420736574210A000000000000000087
S315200277605B47656E69655D3A204D61676963206492
S315200277706F75626C652062797465732063616C6CC7
S315200277806261636B206E6F7420736574210A000038
S315200277905B47656E69655D3A205265636569766504
S315200277A0642041434B210A005B47656E69655D3A59
S315200277B0205265636569766564204E414B210A0035
S315200277C05B47656E69655D3A204261642042797441
S315200277D0653A2000000000005B47656E69655D3AE8
S315200277E0204661696C656420746F206465746563E4
S315200277F07420646973706C617920647572696E672E
S315200278002073657475700A004661696C656420741C
S315200278106F20737461727421000000000000000062
S31520027820820000000000000081000000000000002D
S315200278300000000000000000000000000000000020
S3152002784000002000000000004007000000000000A9
S3152002785000002000000000000000200000000000C0
S315200278600000E00F00000000000000000000000001
S3152002787000000010000000000000001000000000C0
S315200278800000001000000000440700000000000075
S315200278900000002000000000000000200000000080
S315200278A00000001000000000400700000000000059
S315200278B00000003000000000000000200000000050
S315200278C00000001000000000480700000000000031
S315200278D00000004000000000000000400000000000
S315200278E000000040000000004007000000000000E9
S315200278F000000080000000000000004000000000A0
S3152002790000000040000000004807000000000000C0
S31520027910000000C000000000000000C000000000BF
S3152002792000000040000000000000000000000000EF
S31520027930FFFFFFFF00000000FFFFFFFF0000000027
S31520027940FFFFFFFF00000000FFFFFFFF0000000017
S3152002795098462028000000008846202800000000C3
S31520027960A046202800000000000000005F79FEFFEC
S315200279700000000000000000001800004E00000079
S31520027980A8280220000000000000000000000000DD
S31520027990987902200000000000000000000000008C
S315200279A000000000020000000000000000000000AD
S315200279B0180000009E010000180000009F01000030
S315200279C018000000A0010000180000009C01000021
S315200279D0000000000000000000000000000000007F
S315200279E0401E0220000000000000000000000000EF
S315200279F0F879022000000000180000009D01000016
S31520027A000000000000000000C0FF1F280000000048
S31520027A100300000006000000000000000000000035
S31520027A200000000000000000FFFF00000000000030
S31520027A30010000000200000000000000000000001B
S31520027A4018000000A301000018000000A401000095
S31520027A5018000000A501000018000000A101000086
S31520027A6000000000000000000000000000000000EE
S31520027A70D0220220000000000000000000000000CA
S31520027A80887A02200000000018000000A2010000EF
S31520027A900000000000000000C8FF1F2800000000B0
S31520027AA003000000060000000000000000000000A5
S31520027AB00000000000000000FFFF000000000000A0
S31520027AC02500000000000000D87A022000000000F5
S31520027AD0507902200000000000040301000000008B
S31520027AE00004030102060000000403060306000048
S31520027AF0000403060406000000000103000800003B
S31520027B00000001030108000000000103010A000031
S31520027B1000000103020A000000000103030A00001C
S31520027B2000000103040A000008080200010D0000FB
S31520027B300C080200001000000004030100110000DE
S31520027B4000040301011100000004030102110000D8
S31520027B50000403010311000000080000000BFFFFD0
S31520027B6000080000010BFFFF00080000020BFFFFC8
S31520027B7000080000030BFFFF00080000040BFFFFB4
S31520027B8000080000050BFFFF00080000000CFFFFA5
S31520027B9000080000010AFFFF00080000020AFFFF9A
S31520027BA000080000030AFFFF00080000040AFFFF86
S31520027BB000080000000AFFFF00080000050AFFFF78
S31520027BC0000800000006FFFF000804000106FFFF70
S31520027BD0000804000007FFFF000804000107FFFF5A
S31520027BE0000804000207FFFF000804000307FFFF46
S31520027BF0000400000003FFFF000400000002FFFF54
S31520027C00030100050409080D0C0000000000000015
S31520027C10080010002000400080000001000200043D
S31520027C200008000000000000003F022000000000C3
S31520027C30000000000000000000000000000000001C
S31520027C400626B800000000000626B8000000000044
S31520027C5000000000000000000000000000000000FC
S31520027C6000000000000000000000000000000000EC
S31520027C7000000000000000000000000000000000DC
S31520027C8000000000000000000000000000000000CC
S31520027C9000000000000000000000000000000000BC
S31520027CA000000000000000000000000000000000AC
S31520027CB0000000000000000000000000000000009C
S31520027CC0000000000000000000000000000000008C
S31520027CD0000000000000000000000000000000007C
S31520027CE0000000000000000000000000000000006C
S31520027CF0000000000000000000000000000000005C
S31520027D00000000000000000000000000000000004B
S31520027D10000000000000000000000000000000003B
S31520027D20000000000000000000000000000000002B
S31520027D300000000002000000000000000000000019
S31520027D40000000000000000000000000000000000B
S31520027D5000000000000000000200000002000000F7
S31520027D6002000000020000000200000002000000E3
S31520027D7000000000000000000000000000000000DB
S31520027D8000000000000000000200000002000000C7
S31520027D9002000000000000000000000000000000B9
S31520027DA000000000000000000000000000000000AB
S31520027DB0000000000000000000000000000000009B
S31520027DC0000000000000000000000000000000008B
S31520027DD0000000000000000000000000000000007B
S31520027DE0000000000000000000000000000000006B
S31520027DF0000000000000000000000000000000005B
S31520027E00000000000000000000000000000000004A
S31520027E10000000000000000000000000000000003A
S31520027E20000000000000000000000000000000002A
S31520027E30000000000000000000000000000000001A
S31520027E40000000000000000000000000000000000A
S31520027E5000000000000000000000000000000000FA
S31520027E6002000000000000000000000000000000E8
S31520027E7000000000000000000000000000000000DA
S31520027E8002000000020000000200000002000000C2
S31520027E9002000000020000000200000002000000B2
S31520027EA002000000020000000200000002000000A2
S31520027EB00200000002000000020000000200000092
S31520027EC00200000002000000020000000200000082
S31520027ED00200000002000000020000000200000072
S31520027EE00200000002000000020000000200000062
S31520027EF00200000002000000020000000200000052
S31520027F000200000002000000000000000000000045
S31520027F100000000000000000000000000000000039
S31520027F200000000000000000000000000000000029
S31520027F300000000000000000000000000000000019
S31520027F400000000000000000000000000000000009
S31520027F5000000000000000000000000000000000F9
S31520027F6000000000000000000000000000000000E9
S31520027F7000000000000000000200000002000000D5
S31520027F8002000000020000000200000002000000C1
S31520027F9002000000020000000200000002000000B1
S31520027FA002000000020000000200000002000000A1
S31520027FB00200000002000000020000000200000091
S31520027FC00200000002000000020000000200000081
S31520027FD00200000002000000020000000200000071
S31520027FE00200000002000000020000000200000061
S31520027FF00200000002000000020000000200000051
S315200280000200000002000000020000000200000040
S315200280100200000002000000020000000200000030
S315200280200200000002000000000000000000000024
S315200280300000000000000000000000000000000018
S315200280400000000000000000000000000000000008
S3152002805000000000000000000000000000000000F8
S3152002806000000000000000000000000000000000E8
S3152002807000000000000000000000000000000000D8
S3152002808000000000000000000000000000000000C8
S3152002809000000000000000000000000000000000B8
S315200280A000000000000000000000000000000000A8
S315200280B00000000000000000000000000000000098
S315200280C00000000000000000000000000000000088
S315200280D00000000000000000000000000000000078
S315200280E00000000000000000000000000000000068
S315200280F00000000000000000000000000000000058
S315200281000000000000000000000000000000000047
S315200281100000000000000000000000000000000037
S315200281200000000000000000000000000000000027
S315200281300000000000000000000000000000000017
S315200281400000000000000000000000000000000007
S3152002815000000000000000000000000000000000F7
S3152002816000000000000000000000000000000000E7
S3152002817000000000000000000000000000000000D7
S3152002818000000000000000000000000000000000C7
S3152002819000000000000000000000000000000000B7
S315200281A000000000000000000000000000000000A7
S315200281B00000000000000000000000000000000097
S315200281C00000000000000000000000000000000087
S315200281D00000000000000000000000000000000077
S315200281E00000000000000000000000000200000065
S315200281F00200000000000000000000000200000053
S315200282000200000000000000000000000000000044
S315200282100000000002000000000000000200000032
S315200282200200000000000000020000000200000020
S315200282300000000000000000000000000200000014
S315200282400200000002000000000000000000000002
S3152002825000000000000000000000000000000000F6
S3152002826002000000020000000000000000000000E2
S3152002827000000000000000000000000000000000D6
S3152002828002000000020000000000000000000000C2
S3152002829000000000000000000000000000000000B6
S315200282A002000000020000000000000000000000A2
S315200282B00000000000000000000000000000000096
S315200282C00000000000000000000000000000000086
S315200282D00000000000000000000000000000000076
S315200282E00000000000000000000000000000000066
S315200282F00000000000000000000000000000000056
S315200283000000000000000000000000000000000045
S315200283100000000000000000000000000000000035
S315200283200000000000000000020000000200000021
S315200283300000000000000000020000000200000011
S315200283400000000000000000000000000000000005
S3152002835000000000000000000000000000000000F5
S3152002836000000000000000000000000000000000E5
S3152002837000000000000000000000000000000000D5
S3152002838000000000000000000200000002000000C1
S3152002839002000000020000000200000002000000AD
S315200283A0020000000200000002000000020000009D
S315200283B00000000000000000000000000000000095
S315200283C00000000000000000000000000000000085
S315200283D00000000000000000000000000000000075
S315200283E00000000000000000000000000000000065
S315200283F00000000000000000000000000000000055
S315200284000000000000000000000000000000000044
S315200284100000000000000000000000000000000034
S315200284200000000000000000000000000000000024
S315200284300000000000000000000000000000000014
S315200284400000000000000000000000000000000004
S3152002845000CA9A3B00C2EB0BE02E000000C2EB0BD7
S3152002846000E1F50500C2EB0B00E1F50540EFC41F64
S3152002847040EFC41F00C2EB0BA077E20F8017B42C8B
S3152002848080B2E60E00B4C40400E1F50500E1F5056C
S3152002849000C2EB0B00E1F5050084D71700366E010A
S315200284A0B86C022000000000B86C02200000000018
S315200284B0B86C022000000000B86C02200000000008
S315200284C0B86C022000000000B86C022000000000F8
S315200284D0B86C022000000000B86C022000000000E8
S315200284E0B86C022000000000B86C022000000000D8
S315200284F0B86C022000000000B86C022000000000C8
S31520028500B86C022000000000B86C022000000000B7
S31520028510B86C022000000000B86C022000000000A7
S31520028520B86C022000000000B86C02200000000097
S31520028530B86C022000000000B86C02200000000087
S31520028540B86C022000000000B86C02200000000077
S31520028550B86C022000000000B86C02200000000067
S31520028560B86C022000000000B86C02200000000057
S31520028570B86C022000000000B86C02200000000047
S31520028580B86C022000000000B86C02200000000037
S31520028590B86C022000000000B86C02200000000027
S315200285A0B86C022000000000B86C02200000000017
S315200285B0B86C022000000000B86C02200000000007
S315200285C0B86C022000000000B86C022000000000F7
S315200285D0B86C022000000000B86C022000000000E7
S315200285E0B86C022000000000B86C022000000000D7
S315200285F0B86C022000000000B86C022000000000C7
S31520028600B86C022000000000B86C022000000000B6
S31520028610B86C022000000000B86C022000000000A6
S31520028620B86C022000000000B86C02200000000096
S31520028630B86C022000000000B86C02200000000086
S31520028640B86C022000000000B86C02200000000076
S31520028650B86C022000000000B86C02200000000066
S31520028660B86C022000000000B86C02200000000056
S31520028670B86C022000000000B86C02200000000046
S31520028680B86C022000000000B86C02200000000036
S31520028690B86C022000000000B86C02200000000026
S315200286A0B86C022000000000B86C02200000000016
S315200286B0B86C022000000000B86C02200000000006
S315200286C0B86C022000000000B86C022000000000F6
S315200286D0B86C022000000000B86C022000000000E6
S315200286E0B86C022000000000B86C022000000000D6
S315200286F0B86C022000000000B86C022000000000C6
S31520028700B86C022000000000B86C022000000000B5
S31520028710E05A022000000000B86C0220000000008F
S31520028720B86C022000000000B86C02200000000095
S31520028730B86C022000000000B86C02200000000085
S31520028740B86C022000000000B86C02200000000075
S31520028750B86C022000000000B86C02200000000065
S31520028760B86C022000000000B86C02200000000055
S31520028770B86C022000000000B86C02200000000045
S31520028780B86C022000000000B86C02200000000035
S31520028790B86C022000000000B86C02200000000025
S315200287A0B86C022000000000B86C02200000000015
S315200287B0B86C022000000000B86C02200000000005
S315200287C0B86C022000000000B86C022000000000F5
S315200287D0B86C022000000000B86C022000000000E5
S315200287E0B86C022000000000B86C022000000000D5
S315200287F0B86C022000000000B86C022000000000C5
S31520028800B86C022000000000B86C022000000000B4
S31520028810B86C022000000000B86C022000000000A4
S31520028820B86C022000000000B86C02200000000094
S31520028830B86C022000000000B86C02200000000084
S31520028840B86C022000000000B86C02200000000074
S31520028850B86C022000000000B86C02200000000064
S31520028860B86C022000000000B86C02200000000054
S31520028870B86C022000000000B86C02200000000044
S31520028880B86C022000000000B86C02200000000034
S31520028890B86C022000000000B86C02200000000024
S315200288A0B86C022000000000B86C02200000000014
S315200288B0B86C022000000000B86C02200000000004
S315200288C0B86C022000000000B86C022000000000F4
S315200288D0B86C022000000000B86C022000000000E4
S315200288E0B86C022000000000B86C022000000000D4
S315200288F0B86C022000000000B86C022000000000C4
S31520028900B86C022000000000B86C022000000000B3
S31520028910B86C022000000000B86C022000000000A3
S31520028920B86C022000000000B86C02200000000093
S31520028930B86C022000000000B86C02200000000083
S31520028940B86C022000000000B86C02200000000073
S31520028950B86C022000000000B86C02200000000063
S31520028960B86C022000000000B86C02200000000053
S31520028970B86C022000000000B86C02200000000043
S31520028980B86C022000000000B86C02200000000033
S31520028990B86C022000000000B86C02200000000023
S315200289A0B86C022000000000B86C02200000000013
S315200289B0B86C022000000000B86C02200000000003
S315200289C0B86C022000000000B86C022000000000F3
S315200289D0B86C022000000000B86C022000000000E3
S315200289E0B86C022000000000B86C022000000000D3
S315200289F0B86C022000000000B86C022000000000C3
S31520028A00B86C022000000000B86C022000000000B2
S31520028A10B86C022000000000B86C022000000000A2
S31520028A20B86C022000000000B86C02200000000092
S31520028A30B86C022000000000B86C02200000000082
S31520028A40B86C022000000000B86C02200000000072
S31520028A50B86C022000000000B86C02200000000062
S31520028A60B86C022000000000B86C02200000000052
S31520028A70B86C022000000000B86C02200000000042
S31520028A80B86C022000000000B86C02200000000032
S31520028A90B86C022000000000B86C02200000000022
S31520028AA0B86C022000000000B86C02200000000012
S31520028AB0B86C022000000000B86C02200000000002
S31520028AC0B86C022000000000B86C022000000000F2
S31520028AD0B86C022000000000B86C022000000000E2
S31520028AE0B86C022000000000B86C022000000000D2
S31520028AF0B86C022000000000B86C022000000000C2
S31520028B00B86C022000000000B86C022000000000B1
S31520028B10B86C022000000000B86C022000000000A1
S31520028B20B86C022000000000B86C02200000000091
S31520028B30B86C022000000000B86C02200000000081
S31520028B40B86C022000000000B86C02200000000071
S31520028B50B86C022000000000B86C02200000000061
S31520028B60B86C022000000000B86C02200000000051
S31520028B70B86C022000000000B86C02200000000041
S31520028B80B86C022000000000B86C02200000000031
S31520028B90B86C022000000000B86C02200000000021
S31520028BA0B86C022000000000B86C02200000000011
S31520028BB0B86C022000000000B86C02200000000001
S31520028BC0B86C022000000000B86C022000000000F1
S31520028BD0B86C022000000000B86C022000000000E1
S31520028BE0B86C022000000000B86C022000000000D1
S31520028BF0B86C022000000000B86C022000000000C1
S31520028C00B86C022000000000B86C022000000000B0
S31520028C10B86C022000000000B86C022000000000A0
S31520028C20B86C022000000000B86C02200000000090
S31520028C30B86C022000000000B86C02200000000080
S31520028C40B86C022000000000B86C02200000000070
S31520028C50B86C022000000000B86C02200000000060
S31520028C60B86C022000000000B86C02200000000050
S31520028C70B86C022000000000B86C02200000000040
S31520028C80B86C022000000000B86C02200000000030
S31520028C90B86C022000000000B86C02200000000020
S31520028CA0B86C022000000000B86C02200000000010
S31520028CB0B86C022000000000B86C02200000000000
S31520028CC0B86C022000000000B86C022000000000F0
S31520028CD0B86C022000000000B86C022000000000E0
S31520028CE0B86C022000000000B86C022000000000D0
S31520028CF0B86C022000000000B86C022000000000C0
S31520028D00B86C022000000000B86C022000000000AF
S31520028D10B86C022000000000B86C0220000000009F
S31520028D20B86C022000000000B86C0220000000008F
S31520028D30B86C022000000000B86C0220000000007F
S31520028D40B86C022000000000B86C0220000000006F
S31520028D50B86C022000000000B86C0220000000005F
S31520028D60B86C022000000000B86C0220000000004F
S31520028D70B86C022000000000B86C0220000000003F
S31520028D80B86C022000000000B86C0220000000002F
S31520028D90B86C022000000000B86C0220000000001F
S31520028DA0B86C022000000000B86C0220000000000F
S31520028DB0B86C022000000000B86C022000000000FF
S31520028DC0B86C022000000000B86C022000000000EF
S31520028DD0B86C022000000000B86C022000000000DF
S31520028DE0B86C022000000000B86C022000000000CF
S31520028DF0B86C022000000000B86C022000000000BF
S31520028E00B86C022000000000B86C022000000000AE
S31520028E10B86C022000000000B86C0220000000009E
S31520028E20B86C022000000000B86C0220000000008E
S31520028E30B86C022000000000B86C0220000000007E
S31520028E40B86C022000000000B86C0220000000006E
S31520028E50B86C022000000000B86C0220000000005E
S31520028E60B86C022000000000B86C0220000000004E
S31520028E70B86C022000000000B86C0220000000003E
S31520028E80B86C022000000000B86C0220000000002E
S31520028E90B86C022000000000B86C0220000000001E
S31520028EA0B86C022000000000B86C0220000000000E
S31520028EB0B86C022000000000B86C022000000000FE
S31520028EC0B86C022000000000B86C022000000000EE
S31520028ED0B86C022000000000B86C022000000000DE
S31520028EE0B86C022000000000B86C022000000000CE
S31520028EF0B86C022000000000B86C022000000000BE
S31520028F00B86C022000000000B86C022000000000AD
S31520028F10B86C022000000000B86C0220000000009D
S31520028F20B86C022000000000B86C0220000000008D
S31520028F30B86C022000000000B86C0220000000007D
S31520028F40B86C022000000000B86C0220000000006D
S31520028F50B86C022000000000B86C0220000000005D
S31520028F60B86C022000000000B86C0220000000004D
S31520028F70B86C022000000000B86C0220000000003D
S31520028F80B86C022000000000B86C0220000000002D
S31520028F90B86C022000000000B86C0220000000001D
S31520028FA0B86C022000000000B86C0220000000000D
S31520028FB0B86C022000000000B86C022000000000FD
S31520028FC0B86C022000000000B86C022000000000ED
S31520028FD0B86C022000000000B86C022000000000DD
S31520028FE0B86C022000000000B86C022000000000CD
S31520028FF0B86C022000000000B86C022000000000BD
S31520029000B86C022000000000B86C022000000000AC
S31520029010B86C022000000000B86C0220000000009C
S31520029020B86C022000000000B86C0220000000008C
S31520029030B86C022000000000B86C0220000000007C
S31520029040B86C022000000000B86C0220000000006C
S31520029050B86C022000000000B86C0220000000005C
S31520029060B86C022000000000B86C0220000000004C
S31520029070B86C022000000000B86C0220000000003C
S31520029080B86C022000000000B86C0220000000002C
S31520029090B86C022000000000B86C0220000000001C
S315200290A0B86C022000000000B86C0220000000000C
S315200290B0B86C022000000000B86C022000000000FC
S315200290C0B86C022000000000B86C022000000000EC
S315200290D0B86C022000000000B86C022000000000DC
S315200290E0B86C022000000000B86C022000000000CC
S315200290F0B86C022000000000B86C022000000000BC
S31520029100B86C022000000000B86C022000000000AB
S31520029110B86C022000000000B86C0220000000009B
S31520029120B86C022000000000B86C0220000000008B
S31520029130B86C022000000000B86C0220000000007B
S31520029140B86C022000000000B86C0220000000006B
S31520029150B86C022000000000B86C0220000000005B
S31520029160B86C022000000000B86C0220000000004B
S31520029170B86C022000000000B86C0220000000003B
S31520029180F84C022000000000304D022000000000B2
S31520029190084C022000000000084B022000000000BC
S315200291A0584C022000000000F84C0220000000006B
S315200291B0304D022000000000084C02200000000072
S315200291C0084B022000000000584C0220000000003C
S315200291D0B86C022000000000B86C022000000000DB
S315200291E0B86C022000000000B86C022000000000CB
S315200291F0B86C022000000000B86C022000000000BB
S31520029200B86C022000000000B86C022000000000AA
S31520029210B86C022000000000B86C0220000000009A
S31520029220B86C022000000000B86C0220000000008A
S31520029230B86C022000000000B86C0220000000007A
S31520029240B86C022000000000B86C0220000000006A
S31520029250B86C022000000000B86C0220000000005A
S31520029260B86C022000000000B86C0220000000004A
S31520029270B86C022000000000B86C0220000000003A
S31520029280B86C022000000000B86C0220000000002A
S31520029290B86C022000000000B86C0220000000001A
S315200292A0B86C022000000000B86C0220000000000A
S315200292B0B86C022000000000B86C022000000000FA
S315200292C0B86C022000000000B86C022000000000EA
S315200292D0B86C022000000000B86C022000000000DA
S315200292E0B86C022000000000B86C022000000000CA
S315200292F0B86C022000000000B86C022000000000BA
S31520029300B86C022000000000B86C022000000000A9
S31520029310B86C022000000000B86C02200000000099
S31520029320B86C022000000000B86C02200000000089
S31520029330B86C022000000000B86C02200000000079
S31520029340B86C022000000000B86C02200000000069
S31520029350B86C022000000000B86C02200000000059
S31520029360B86C022000000000B86C02200000000049
S31520029370B86C022000000000B86C02200000000039
S31520029380B86C022000000000B86C02200000000029
S31520029390B86C022000000000B86C02200000000019
S315200293A0B86C022000000000B86C02200000000009
S315200293B0B86C022000000000B86C022000000000F9
S315200293C0B86C022000000000B86C022000000000E9
S315200293D0B86C022000000000B86C022000000000D9
S315200293E0B86C022000000000B86C022000000000C9
S315200293F0B86C022000000000B86C022000000000B9
S31520029400B86C022000000000B86C022000000000A8
S31520029410B86C022000000000B86C02200000000098
S31520029420B86C022000000000B86C02200000000088
S31520029430B86C022000000000B86C02200000000078
S31520029440B86C022000000000B86C02200000000068
S31520029450B86C022000000000B86C02200000000058
S31520029460B86C022000000000B86C02200000000048
S31520029470B86C022000000000B86C02200000000038
S31520029480B86C022000000000B86C02200000000028
S31520029490B86C022000000000B86C02200000000018
S70520020000D8
