S0210000525A4133554C5F466561746865725F52506943616D5F6E65772E7372656300
S315200200000008022000000000FFF7FDDFFFFFFFFFD0
S315200200100002022000000000FFFDFDDFFFFFFFFFC0
S315200200200000000000000000FFFFFFFFFFFFFFFFB0
S315200200300000000000000000000000000000000098
S315200200400000000000000000000000000000000088
S315200200500000000000000000000000000000000078
S315200200600000000000000000000000000000000068
S315200200700000000000000000000000000000000058
S315200200800000000000000000000000000000000048
S315200200900000000000000000000000000000000038
S315200200A00000000000000000000000000000000028
S315200200B00000000000000000000000000000000018
S315200200C00000000000000000000000000000000008
S315200200D000000000000000000000000000000000F8
S315200200E000000000000000000000000000000000E8
S315200200F000000000000000000000000000000000D8
S3152002010000000000000000000000000000000000C7
S3152002011000000000000000000000000000000000B7
S3152002012000000000000000000000000000000000A7
S315200201300000000000000000000000000000000097
S315200201400000000000000000000000000000000087
S315200201500000000000000000000000000000000077
S315200201600000000000000000000000000000000067
S315200201700000000000000000000000000000000057
S315200201800000000000000000000000000000000047
S315200201900000000000000000000000000000000037
S315200201A00000000000000000000000000000000027
S315200201B00000000000000000000000000000000017
S315200201C00000000000000000000000000000000007
S315200201D000000000000000000000000000000000F7
S315200201E0525A20465350204170706C69636174697B
S315200201F06F6E0000000000000000000000000000FA
S3152002020000000000000000000000000000000000C6
S3152002021000000000000000000000000000000000B6
S3152002022000000000000000000000000000000000A6
S315200202300000000000000000000000000000000096
S315200202400000000000000000000000000000000086
S315200202500000000000000000000000000000000076
S315200202600000000000000000000000000000000066
S315200202700000000000000000000000000000000056
S315200202800000000000000000000000000000000046
S315200202900000000000000000000000000000000036
S315200202A00000000000000000000000000000000026
S315200202B00000000000000000000000000000000016
S315200202C00000000000000000000000000000000006
S315200202D000000000000000000000000000000000F6
S315200202E000000000000000000000000000000000E6
S315200202F000000000000000000000000000000000D6
S3152002030000000000000000000000000000000000C5
S3152002031000000000000000000000000000000000B5
S3152002032000000000000000000000000000000000A5
S315200203300000000000000000000000000000000095
S315200203400000000000000000000000000000000085
S315200203500000000000000000000000000000000075
S315200203600000000000000000000000000000000065
S315200203700000000000000000000000000000000055
S315200203800000000000000000000000000000000045
S315200203900000000000000000000000000000000035
S315200203A00000000000000000000000000000000025
S315200203B00000000000000000000000000000000015
S315200203C00000000000000000000000000000000005
S315200203D000000000000000000000000000000000F5
S315200203E000000000000000000000000000000000E5
S315200203F000000000000000000000000000000000D5
S3152002040000000000000000000000000000000000C4
S3152002041000000000000000000000000000000000B4
S3152002042000000000000000000000000000000000A4
S315200204300000000000000000000000000000000094
S315200204400000000000000000000000000000000084
S315200204500000000000000000000000000000000074
S315200204600000000000000000000000000000000064
S315200204700000000000000000000000000000000054
S315200204800000000000000000000000000000000044
S315200204900000000000000000000000000000000034
S315200204A00000000000000000000000000000000024
S315200204B00000000000000000000000000000000014
S315200204C00000000000000000000000000000000004
S315200204D000000000000000000000000000000000F4
S315200204E000000000000000000000000000000000E4
S315200204F000000000000000000000000000000000D4
S3152002050000000000000000000000000000000000C3
S3152002051000000000000000000000000000000000B3
S3152002052000000000000000000000000000000000A3
S315200205300000000000000000000000000000000093
S315200205400000000000000000000000000000000083
S315200205500000000000000000000000000000000073
S315200205600000000000000000000000000000000063
S315200205700000000000000000000000000000000053
S315200205800000000000000000000000000000000043
S315200205900000000000000000000000000000000033
S315200205A00000000000000000000000000000000023
S315200205B00000000000000000000000000000000013
S315200205C00000000000000000000000000000000003
S315200205D000000000000000000000000000000000F3
S315200205E000000000000000000000000000000000E3
S315200205F000000000000000000000000000000000D3
S3152002060000000000000000000000000000000000C2
S3152002061000000000000000000000000000000000B2
S3152002062000000000000000000000000000000000A2
S315200206300000000000000000000000000000000092
S315200206400000000000000000000000000000000082
S315200206500000000000000000000000000000000072
S315200206600000000000000000000000000000000062
S315200206700000000000000000000000000000000052
S315200206800000000000000000000000000000000042
S315200206900000000000000000000000000000000032
S315200206A00000000000000000000000000000000022
S315200206B00000000000000000000000000000000012
S315200206C00000000000000000000000000000000002
S315200206D000000000000000000000000000000000F2
S315200206E000000000000000000000000000000000E2
S315200206F000000000000000000000000000000000D2
S3152002070000000000000000000000000000000000C1
S3152002071000000000000000000000000000000000B1
S3152002072000000000000000000000000000000000A1
S315200207300000000000000000000000000000000091
S315200207400000000000000000000000000000000081
S315200207500000000000000000000000000000000071
S315200207600000000000000000000000000000000061
S315200207700000000000000000000000000000000051
S315200207800000000000000000000000000000000041
S315200207900000000000000000000000000000000031
S315200207A00000000000000000000000000000000021
S315200207B00000000000000000000000000000000011
S315200207C00000000000000000000000000000000001
S315200207D000000000000000000000000000000000F1
S315200207E000000000000000000000000000000000E1
S315200207F000000000000000000000000000000000D1
S315200208008004001400000000000000000000000028
S3152002081000000000000000000000000000000000B0
S3152002082000000000000000000000000000000000A0
S315200208300000000000000000000000000000000090
S315200208400000000000000000000000000000000080
S315200208500000000000000000000000000000000070
S315200208600000000000000000000000000000000060
S315200208700000000000000000000000000000000050
S315200208800000000000000000000000000000000040
S315200208900000000000000000000000000000000030
S315200208A00000000000000000000000000000000020
S315200208B00000000000000000000000000000000010
S315200208C00000000000000000000000000000000000
S315200208D000000000000000000000000000000000F0
S315200208E000000000000000000000000000000000E0
S315200208F000000000000000000000000000000000D0
S3152002090000000000000000000000000000000000BF
S3152002091000000000000000000000000000000000AF
S31520020920000000000000000000000000000000009F
S31520020930000000000000000000000000000000008F
S31520020940000000000000000000000000000000007F
S31520020950000000000000000000000000000000006F
S31520020960000000000000000000000000000000005F
S31520020970000000000000000000000000000000004F
S31520020980000000000000000000000000000000003F
S31520020990000000000000000000000000000000002F
S315200209A0000000000000000000000000000000001F
S315200209B0000000000000000000000000000000000F
S315200209C000000000000000000000000000000000FF
S315200209D000000000000000000000000000000000EF
S315200209E000000000000000000000000000000000DF
S315200209F000000000000000000000000000000000CF
S31520020A0000000000000000000000000000000000BE
S31520020A1000000000000000000000000000000000AE
S31520020A20000000000000000000000000000000009E
S31520020A30000000000000000000000000000000008E
S31520020A40000000000000000000000000000000007E
S31520020A50000000000000000000000000000000006E
S31520020A60000000000000000000000000000000005E
S31520020A70000000000000000000000000000000004E
S31520020A80000000000000000000000000000000003E
S31520020A90000000000000000000000000000000002E
S31520020AA0000000000000000000000000000000001E
S31520020AB0000000000000000000000000000000000E
S31520020AC000000000000000000000000000000000FE
S31520020AD000000000000000000000000000000000EE
S31520020AE000000000000000000000000000000000DE
S31520020AF000000000000000000000000000000000CE
S31520020B0000000000000000000000000000000000BD
S31520020B1000000000000000000000000000000000AD
S31520020B20000000000000000000000000000000009D
S31520020B30000000000000000000000000000000008D
S31520020B40000000000000000000000000000000007D
S31520020B50000000000000000000000000000000006D
S31520020B60000000000000000000000000000000005D
S31520020B70000000000000000000000000000000004D
S31520020B80000000000000000000000000000000003D
S31520020B90000000000000000000000000000000002D
S31520020BA0000000000000000000000000000000001D
S31520020BB0000000000000000000000000000000000D
S31520020BC000000000000000000000000000000000FD
S31520020BD000000000000000000000000000000000ED
S31520020BE000000000000000000000000000000000DD
S31520020BF000000000000000000000000000000000CD
S31520020C0000000000000000000000000000000000BC
S31520020C1000000000000000000000000000000000AC
S31520020C20000000000000000000000000000000009C
S31520020C30000000000000000000000000000000008C
S31520020C40000000000000000000000000000000007C
S31520020C50000000000000000000000000000000006C
S31520020C60000000000000000000000000000000005C
S31520020C70000000000000000000000000000000004C
S31520020C80000000000000000000000000000000003C
S31520020C90000000000000000000000000000000002C
S31520020CA0000000000000000000000000000000001C
S31520020CB0000000000000000000000000000000000C
S31520020CC000000000000000000000000000000000FC
S31520020CD000000000000000000000000000000000EC
S31520020CE000000000000000000000000000000000DC
S31520020CF000000000000000000000000000000000CC
S31520020D0000000000000000000000000000000000BB
S31520020D1000000000000000000000000000000000AB
S31520020D20000000000000000000000000000000009B
S31520020D30000000000000000000000000000000008B
S31520020D40000000000000000000000000000000007B
S31520020D50000000000000000000000000000000006B
S31520020D60000000000000000000000000000000005B
S31520020D70000000000000000000000000000000004B
S31520020D80000000000000000000000000000000003B
S31520020D90000000000000000000000000000000002B
S31520020DA0000000000000000000000000000000001B
S31520020DB0000000000000000000000000000000000B
S31520020DC000000000000000000000000000000000FB
S31520020DD000000000000000000000000000000000EB
S31520020DE000000000000000000000000000000000DB
S31520020DF000000000000000000000000000000000CB
S31520020E0000000000000000000000000000000000BA
S31520020E1000000000000000000000000000000000AA
S31520020E20000000000000000000000000000000009A
S31520020E30000000000000000000000000000000008A
S31520020E40000000000000000000000000000000007A
S31520020E50000000000000000000000000000000006A
S31520020E60000000000000000000000000000000005A
S31520020E70000000000000000000000000000000004A
S31520020E80000000000000000000000000000000003A
S31520020E90000000000000000000000000000000002A
S31520020EA0000000000000000000000000000000001A
S31520020EB0000000000000000000000000000000000A
S31520020EC000000000000000000000000000000000FA
S31520020ED000000000000000000000000000000000EA
S31520020EE000000000000000000000000000000000DA
S31520020EF000000000000000000000000000000000CA
S31520020F0000000000000000000000000000000000B9
S31520020F1000000000000000000000000000000000A9
S31520020F200000000000000000000000000000000099
S31520020F300000000000000000000000000000000089
S31520020F400000000000000000000000000000000079
S31520020F500000000000000000000000000000000069
S31520020F600000000000000000000000000000000059
S31520020F700000000000000000000000000000000049
S31520020F800000000000000000000000000000000039
S31520020F900000000000000000000000000000000029
S31520020FA00000000000000000000000000000000019
S31520020FB00000000000000000000000000000000009
S31520020FC000000000000000000000000000000000F9
S31520020FD000000000000000000000000000000000E9
S31520020FE000000000000000000000000000000000D9
S31520020FF000000000000000000000000000000000C9
S31520021000000000141F2003D51F2003D51F2003D55F
S315200210101F2003D51F2003D51F2003D51F2003D54C
S315200210201F2003D51F2003D51F2003D51F2003D53C
S315200210301F2003D51F2003D51F2003D51F2003D52C
S315200210401F2003D51F2003D51F2003D51F2003D51C
S315200210501F2003D51F2003D51F2003D51F2003D50C
S315200210601F2003D51F2003D51F2003D51F2003D5FC
S315200210701F2003D51F2003D51F2003D51F2003D5EC
S31520021080040200141F2003D51F2003D51F2003D5D9
S315200210901F2003D51F2003D51F2003D51F2003D5CC
S315200210A01F2003D51F2003D51F2003D51F2003D5BC
S315200210B01F2003D51F2003D51F2003D51F2003D5AC
S315200210C01F2003D51F2003D51F2003D51F2003D59C
S315200210D01F2003D51F2003D51F2003D51F2003D58C
S315200210E01F2003D51F2003D51F2003D51F2003D57C
S315200210F01F2003D51F2003D51F2003D51F2003D56C
S31520021100C00100141F2003D51F2003D51F2003D59D
S315200211101F2003D51F2003D51F2003D51F2003D54B
S315200211201F2003D51F2003D51F2003D51F2003D53B
S315200211301F2003D51F2003D51F2003D51F2003D52B
S315200211401F2003D51F2003D51F2003D51F2003D51B
S315200211501F2003D51F2003D51F2003D51F2003D50B
S315200211601F2003D51F2003D51F2003D51F2003D5FB
S315200211701F2003D51F2003D51F2003D51F2003D5EB
S315200211807F2003D5FFFFFF171F2003D51F2003D57E
S315200211901F2003D51F2003D51F2003D51F2003D5CB
S315200211A01F2003D51F2003D51F2003D51F2003D5BB
S315200211B01F2003D51F2003D51F2003D51F2003D5AB
S315200211C01F2003D51F2003D51F2003D51F2003D59B
S315200211D01F2003D51F2003D51F2003D51F2003D58B
S315200211E01F2003D51F2003D51F2003D51F2003D57B
S315200211F01F2003D51F2003D51F2003D51F2003D56B
S31520021200000000141F2003D51F2003D51F2003D55D
S315200212101F2003D51F2003D51F2003D51F2003D54A
S315200212201F2003D51F2003D51F2003D51F2003D53A
S315200212301F2003D51F2003D51F2003D51F2003D52A
S315200212401F2003D51F2003D51F2003D51F2003D51A
S315200212501F2003D51F2003D51F2003D51F2003D50A
S315200212601F2003D51F2003D51F2003D51F2003D5FA
S315200212701F2003D51F2003D51F2003D51F2003D5EA
S31520021280840100141F2003D51F2003D51F2003D558
S315200212901F2003D51F2003D51F2003D51F2003D5CA
S315200212A01F2003D51F2003D51F2003D51F2003D5BA
S315200212B01F2003D51F2003D51F2003D51F2003D5AA
S315200212C01F2003D51F2003D51F2003D51F2003D59A
S315200212D01F2003D51F2003D51F2003D51F2003D58A
S315200212E01F2003D51F2003D51F2003D51F2003D57A
S315200212F01F2003D51F2003D51F2003D51F2003D56A
S31520021300400100141F2003D51F2003D51F2003D51B
S315200213101F2003D51F2003D51F2003D51F2003D549
S315200213201F2003D51F2003D51F2003D51F2003D539
S315200213301F2003D51F2003D51F2003D51F2003D529
S315200213401F2003D51F2003D51F2003D51F2003D519
S315200213501F2003D51F2003D51F2003D51F2003D509
S315200213601F2003D51F2003D51F2003D51F2003D5F9
S315200213701F2003D51F2003D51F2003D51F2003D5E9
S315200213807F2003D5FFFFFF171F2003D51F2003D57C
S315200213901F2003D51F2003D51F2003D51F2003D5C9
S315200213A01F2003D51F2003D51F2003D51F2003D5B9
S315200213B01F2003D51F2003D51F2003D51F2003D5A9
S315200213C01F2003D51F2003D51F2003D51F2003D599
S315200213D01F2003D51F2003D51F2003D51F2003D589
S315200213E01F2003D51F2003D51F2003D51F2003D579
S315200213F01F2003D51F2003D51F2003D51F2003D569
S315200214007F2003D5FFFFFF171F2003D51F2003D5FB
S315200214101F2003D51F2003D51F2003D51F2003D548
S315200214201F2003D51F2003D51F2003D51F2003D538
S315200214301F2003D51F2003D51F2003D51F2003D528
S315200214401F2003D51F2003D51F2003D51F2003D518
S315200214501F2003D51F2003D51F2003D51F2003D508
S315200214601F2003D51F2003D51F2003D51F2003D5F8
S315200214701F2003D51F2003D51F2003D51F2003D5E8
S315200214807F2003D5FFFFFF171F2003D51F2003D57B
S315200214901F2003D51F2003D51F2003D51F2003D5C8
S315200214A01F2003D51F2003D51F2003D51F2003D5B8
S315200214B01F2003D51F2003D51F2003D51F2003D5A8
S315200214C01F2003D51F2003D51F2003D51F2003D598
S315200214D01F2003D51F2003D51F2003D51F2003D588
S315200214E01F2003D51F2003D51F2003D51F2003D578
S315200214F01F2003D51F2003D51F2003D51F2003D568
S315200215007F2003D5FFFFFF171F2003D51F2003D5FA
S315200215101F2003D51F2003D51F2003D51F2003D547
S315200215201F2003D51F2003D51F2003D51F2003D537
S315200215301F2003D51F2003D51F2003D51F2003D527
S315200215401F2003D51F2003D51F2003D51F2003D517
S315200215501F2003D51F2003D51F2003D51F2003D507
S315200215601F2003D51F2003D51F2003D51F2003D5F7
S315200215701F2003D51F2003D51F2003D51F2003D5E7
S315200215807F2003D5FFFFFF171F2003D51F2003D57A
S315200215901F2003D51F2003D51F2003D51F2003D5C7
S315200215A01F2003D51F2003D51F2003D51F2003D5B7
S315200215B01F2003D51F2003D51F2003D51F2003D5A7
S315200215C01F2003D51F2003D51F2003D51F2003D597
S315200215D01F2003D51F2003D51F2003D51F2003D587
S315200215E01F2003D51F2003D51F2003D51F2003D577
S315200215F01F2003D51F2003D51F2003D51F2003D567
S315200216007F2003D5FFFFFF171F2003D51F2003D5F9
S315200216101F2003D51F2003D51F2003D51F2003D546
S315200216201F2003D51F2003D51F2003D51F2003D536
S315200216301F2003D51F2003D51F2003D51F2003D526
S315200216401F2003D51F2003D51F2003D51F2003D516
S315200216501F2003D51F2003D51F2003D51F2003D506
S315200216601F2003D51F2003D51F2003D51F2003D5F6
S315200216701F2003D51F2003D51F2003D51F2003D5E6
S315200216807F2003D5FFFFFF171F2003D51F2003D579
S315200216901F2003D51F2003D51F2003D51F2003D5C6
S315200216A01F2003D51F2003D51F2003D51F2003D5B6
S315200216B01F2003D51F2003D51F2003D51F2003D5A6
S315200216C01F2003D51F2003D51F2003D51F2003D596
S315200216D01F2003D51F2003D51F2003D51F2003D586
S315200216E01F2003D51F2003D51F2003D51F2003D576
S315200216F01F2003D51F2003D51F2003D51F2003D566
S315200217007F2003D5FFFFFF171F2003D51F2003D5F8
S315200217101F2003D51F2003D51F2003D51F2003D545
S315200217201F2003D51F2003D51F2003D51F2003D535
S315200217301F2003D51F2003D51F2003D51F2003D525
S315200217401F2003D51F2003D51F2003D51F2003D515
S315200217501F2003D51F2003D51F2003D51F2003D505
S315200217601F2003D51F2003D51F2003D51F2003D5F5
S315200217701F2003D51F2003D51F2003D51F2003D5E5
S315200217807F2003D5FFFFFF171F2003D51F2003D578
S315200217901F2003D51F2003D51F2003D51F2003D5C5
S315200217A01F2003D51F2003D51F2003D51F2003D5B5
S315200217B01F2003D51F2003D51F2003D51F2003D5A5
S315200217C01F2003D51F2003D51F2003D51F2003D595
S315200217D01F2003D51F2003D51F2003D51F2003D585
S315200217E01F2003D51F2003D51F2003D51F2003D575
S315200217F01F2003D51F2003D51F2003D51F2003D565
S31520021800BF4000D5FD7BBFA9F24FBFA9F047BFA9B4
S31520021810EE3FBFA9EC37BFA9EA2FBFA9E827BFA988
S31520021820E61FBFA9E417BFA9E20FBFA9E007BFA918
S3152002183003403ED522403ED5E20FBFA9590000946F
S31520021840DF4103D59F3F03D5DF3F03D5E417C1A868
S3152002185005401ED524401ED59F3F03D5DF3F03D525
S31520021860E007C1A8E20FC1A8E417C1A8E61FC1A8D4
S31520021870E827C1A8EA2FC1A8EC37C1A8EE3FC1A824
S31520021880F047C1A8F24FC1A8FD7BC1A8E0039FD6AD
S31520021890BF4000D5E007BFA9E20FBFA9E417BFA941
S315200218A0E61FBFA9E827BFA9EA2FBFA9EC37BFA920
S315200218B0EE3FBFA9F047BFA9F24FBFA9FD7BBFA943
S315200218C03C000094FD7BC1A8F24FC1A8F047C1A8F5
S315200218D0EE3FC1A8EC37C1A8EA2FC1A8E827C1A8C4
S315200218E0E61FC1A8E417C1A8E20FC1A8E007C1A854
S315200218F0E0039FD600000000007C011B010000903F
S3152002190021C844F9230040B9024099524273A77272
S315200219104108C31A7F00026B4900005421008052FD
S31520021920E303002A027C7BD3420003CB6208028BAC
S3152002193042F07DD3E37F40B25F0003EB28010054DF
S315200219404008C11A007C015320020034FD7BBFA946
S31520021950FD0300911F000094FD7BC1A8C0035FD642
S3152002196021781F530108C11A20E87BD3000001CB3E
S315200219702008008B00F07DD3E17F40B21F0001EBEF
S3152002198049FEFF5400008012F1FFFF17C0035FD605
S31520021990006F2028000000000E0000141F2003D52F
S315200219A0100010F010623D9100021FD600000000C8
S315200219B0100010F010223C9100021FD600000000F9
S315200219C000000000000000000000000000000000EF
S315200219D0000400D11F0000F1C1FFFF54C0035FD6EF
S315200219E000000000000000000000000000000000CF
S315200219F000000000000000000000000000000000BF
S31520021A00C006005800C01ED500C01CD500C018D57F
S31520021A10000080D200101ED500101CD5001018D54B
S31520021A20010600583F000091000080D240111ED5C9
S31520021A3040111CD51F111ED5DF3F03D50100805250
S31520021A40210015322100163221001D3221001E32BC
S31520021A5021001F3201111ED5DF3F03D50200B0D26D
S31520021A6002111CD5A00038D5A0001CD5000038D5FF
S31520021A7000001CD51F211CD58003005800E01BD571
S31520021A801F870ED51F7108D5BC1500942003005858
S31520021A90410300583B0000941F7108D57916009423
S31520021AA0000080D24B03009400103ED5000040B2C5
S31520021AB000101ED5DF3F03D54002005861020058B0
S31520021AC0300000941F7108D548160094B70400947C
S31520021AD00000001400000000003002000000000098
S31520021AE0A03B20280000000000366E010000000006
S31520021AF0A01D022000000000901D02200000000010
S31520021B00101E022000000000D01D0220000000004E
S31520021B10312E3030000000000000000000000000DE
S31520021B20000000000000000000000000000000008D
S31520021B30000000000000000000000000000000007D
S31520021B40000000000000000000000000000000006D
S31520021B50000000000000000000000000000000005D
S31520021B60000000000000000000000000000000004D
S31520021B70000000000000000000000000000000003D
S31520021B80E417BFA9E61FBFA9E40300AAE18F1FF845
S31520021B909F0000F1E1000054E48740F89F0000F125
S31520021BA0A1070054E417C1A8E61FC1A8C0035FD647
S31520021BB0808440F8818440F8220000CB818440F85A
S31520021BC01F0000F1A0FEFF5443FC44D37F0000F126
S31520021BD0000200540B0000141F2003D51F2003D53A
S31520021BE01F2003D51F2003D51F2003D51F2003D571
S31520021BF01F2003D51F2003D51F2003D51F2003D561
S31520021C000518C1A8251881A8630400F1A1FFFF5475
S31520021C10420C40F2E00300541A0000141F2003D5A0
S31520021C201F2003D51F2003D51F2003D51F2003D530
S31520021C301F2003D51F2003D51F2003D51F2003D520
S31520021C401F2003D51F2003D51F2003D51F2003D510
S31520021C501F2003D51F2003D51F2003D51F2003D500
S31520021C601F2003D51F2003D51F2003D51F2003D5F0
S31520021C701F2003D51F2003D51F2003D51F2003D5E0
S31520021C800514403825140038420400F1A1FFFF5400
S31520021C90C8FFFF17818440F8828440F8420001CBB6
S31520021CA03F0000F140F8FF54000080D243FC44D3A9
S31520021CB07F0000F1C0020054050080D2060080D2C7
S31520021CC0100000141F2003D51F2003D51F2003D583
S31520021CD01F2003D51F2003D51F2003D51F2003D580
S31520021CE01F2003D51F2003D51F2003D51F2003D570
S31520021CF01F2003D51F2003D51F2003D51F2003D560
S31520021D00251881A8630400F1C1FFFF54420C40F25A
S31520021D10E00300541B0000141F2003D51F2003D507
S31520021D201F2003D51F2003D51F2003D51F2003D52F
S31520021D301F2003D51F2003D51F2003D51F2003D51F
S31520021D401F2003D51F2003D51F2003D51F2003D50F
S31520021D501F2003D51F2003D51F2003D51F2003D5FF
S31520021D601F2003D51F2003D51F2003D51F2003D5EF
S31520021D701F2003D51F2003D51F2003D51F2003D5DF
S31520021D8020140038420400F1C1FFFF54C2FFFF179E
S31520021D90000000000000000000000000000000001B
S31520021DA0E019022000000000E019022000000000D5
S31520021DB0E0390200000000000000000000000000E0
S31520021DC000000000000000000000000000000000EB
S31520021DD0A01B202800000000A01B202800000000D5
S31520021DE0A03B2028000000003072202800000000BE
S31520021DF030922038000000000094013900000000D3
S31520021E0000000000000000000000000000000000AA
S31520021E100010022000000000E0190220000000004D
S31520021E200030020000000000C07D022000000000F9
S31520021E304099022000000000C0FF1F280000000079
S31520021E40000000000000000000000000000000006A
S31520021E50000000000000000000000000000000005A
S31520021E60000F049000002D91010F049021002D9166
S31520021E703F0000EBC0000054010F049021B045F949
S31520021E80610000B4F00301AA00021FD6C0035FD688
S31520021E90000F049000002D91010F049021002D9136
S31520021EA0210000CB22FC7FD3410C818B21FC419364
S31520021EB0C10000B4020F049042AC45F9620000B49E
S31520021EC0F00302AA00021FD6C0035FD6000000005C
S31520021ED0FD7BBEA9FD030091F30B00F9130F04D07D
S31520021EE060826E3940010037DEFFFF97000F0490B3
S31520021EF000A845F9800000B4E0FFFFF00000089139
S31520021F001F2003D52000805260822E39F30B40F920
S31520021F10FD7BC2A8C0035FD60000000000000000BF
S31520021F20000F049000BC45F9400100B4FD7BBFA917
S31520021F30010F04D0E0FFFFF0FD03009121A02E91B6
S31520021F40000008911F2003D5FD7BC1A8D1FFFF17F2
S31520021F50D0FFFF1700000000000040B91F080071E3
S31520021F6040000054C0035FD60000009001D447F918
S31520021F702000403900040011001C00122000003904
S31520021F800100009021D847F9212041391F00016B19
S31520021F90A3FEFF540000009000D447F91F00003929
S31520021FA0F1FFFF171F2003D5D93B20280000000090
S31520021FB0E879022000000000FD7BBFA9FD03009105
S31520021FC0000000B0000040F91F000039000000B0F8
S31520021FD0000440F91F000039000000B0000840F953
S31520021FE0020040F9000000B0000C40F9010440F95B
S31520021FF0000040F940003FD6FD7BC1A8C0035FD652
S31520022000D93B202800000000D83B202800000000F1
S31520022010307C022000000000D0790220000000005F
S31520022020FD7BBFA9FD03009100000090002840F926
S31520022030010840F900000090002C40F9000040F908
S3152002204020003FD6FD7BC1A8C0035FD61F2003D543
S31520022050307C022000000000D0790220000000001F
S3152002206001000090217040F92100403902000090C1
S31520022070427440F9420040393F00026B800200540C
S3152002208002000090427840F9420440F943CC218B69
S31520022090630440F9030000F921040011211C0012F7
S315200220A000000090007040F90100003940204139BB
S315200220B03F00006B2301005400000090007040F99D
S315200220C01F00003900008052050000141F0000F98D
S315200220D0400480520200001400008052C0035FD6E2
S315200220E0D83B202800000000D93B20280000000011
S315200220F0D079022000000000FD7BBEA9FD030091DD
S31520022100F30B00F956130094F30300AA000080D2C1
S315200221104F1300940000009000B040F9000040B92F
S31520022120C0000035000286D26020A2F21F100039BC
S3152002213001088052011000390000009001B040F9D8
S31520022140200040B900040011200000B9E00313AAC0
S315200221503F130094F30B40F9FD7BC2A8C0035FD660
S31520022160F05E202800000000010440B9231C001262
S3152002217002000090422841F9430000393F080071CD
S31520022180E00500543F100071000100543F04007125
S31520022190A100005400000090003841F9210080522D
S315200221A0010000B9C0035FD601000090212C41F93D
S315200221B021004079213C00123FFC077148FFFF5461
S315200221C001000090213041F9210440B93F080071F5
S315200221D0AC010054030840B900000090022C41F9DA
S315200221E040004079003C001201040011213C0012FB
S315200221F04100007901000090213441F923C820389A
S31520022200E9FFFF1701000090212C41F922004079B5
S31520022210423C001203000090633441F9000840B9A1
S3152002222060C8227820004079003C00120008001184
S31520022230003C001220000079DBFFFF17000000900F
S31520022240003C41F921008052010000B9D6FFFF1758
S31520022250E83D202800000000DA3B2028000000008C
S31520022260D078022000000000E83B20280000000071
S31520022270DC3B202800000000E03B20280000000074
S31520022280FD7BBEA9FD030091F30B00F9020000902D
S31520022290427841F95F000039223C0012E10300AA8C
S315200222A000000090007C41F9C6020094200100350E
S315200222B0F303002A017D805220008052DB14009411
S315200222C0E003132AF30B40F9FD7BC2A8C0035FD6B5
S315200222D000000090038041F900000090028441F939
S315200222E0A115805200000090008841F9CD1100947A
S315200222F0E83D202800000000E85D202800000000BC
S315200223009076022000000000A8760220000000003D
S315200223107076022000000000FD7BBDA9FD0300911E
S31520022320F30B00F9F30300AA0000009001E041F943
S315200223300000009000E441F95704009400020035A1
S31520022340E4A300910371825222008052610240B9B5
S315200223500000009000E441F9F604009400020035E2
S31520022360E1A300910000009000E441F97F0300946C
S31520022370F30B40F9FD7BC3A8C0035FD60000009093
S3152002238003E841F90000009002EC41F9C11680529F
S315200223900000009000F041F9A21100940000009084
S315200223A003F441F90000009002EC41F981178052B2
S315200223B00000009000F041F99A1100941F2003D5E5
S315200223C0D078022000000000E85D202800000000EE
S315200223D09076022000000000D8760220000000003D
S315200223E07076022000000000007702200000000024
S315200223F0FD7BBEA9FD030091E01F00B9E0730091A9
S31520022400C6FFFF97FD7BC2A8C0035FD6FD7BBFA98F
S31520022410FD030091010080520300001421040011E3
S31520022420213C001202486138A2FFFF3595FFFF9733
S31520022430FD7BC1A8C0035FD6FD7BBFA9FD0300912A
S31520022440010080520300001421040011213C0012D5
S3152002245002486138A2FFFF358AFFFF97210080528A
S3152002246000000090003C42F986FFFF97FD7BC1A841
S31520022470C0035FD61F2003D5187702200000000074
S31520022480FD7BBCA9FD030091F30B00F9F30300AA1F
S31520022490800000B41301F8B7010080521C0000141A
S315200224A02100805200000090009842F975FFFF97A4
S315200224B0F9FFFF172100805200000090009C42F98C
S315200224C070FFFF97F30313CBF4FFFF17E3E703B283
S315200224D0E3CC8CF2637E439B63FC429364FE7F9340
S315200224E0620004CB4208028B620602CB6002805253
S315200224F00000014B42C00011E5A30091A2C820387A
S3152002250021040011213C0012730004CB13FEFFB5F7
S31520022510800280520000014BE2A3009140C0208B32
S3152002252058FFFF97F30B40F9FD7BC4A8C0035FD683
S3152002253020770220000000002877022000000000F9
S31520022540FD7BBCA9FD030091FF1F00F9000000904E
S3152002255001BC43F90000009000C043F9A50B00948A
S31520022560E6FEFF97004098522000A072A1FFFF9737
S3152002257001488852E101A072400180522B14009436
S315200225808EFEFF9740020035A6FEFF97A002003579
S31520022590F35301A9F51300F9022880D26220A2F290
S315200225A041004079213C0012438004D16000403929
S315200225B0210400324100007900181F120000003267
S315200225C060000039AD010094620000140000009002
S315200225D000C443F999FFFF97FD7BC4A8C0035FD6C9
S315200225E00000009000C843F994FFFF97FBFFFF17F6
S315200225F000008052A200F8375FFC03718D00005460
S31520022600E21F80520200001402008052A300F83713
S315200226107FFC03718D000054E31F805202000014D8
S3152002262003008052B5120011E1CC8C52C1CCAC729F
S31520022630817E219B21FC6293217C944B2108010BF4
S315200226409F06016B21010054E1CC8C52C1CCAC72A5
S31520022650617E219B21FC6293217C934B2108010BF5
S315200226607F06016BC0040054730A00117FFE1371AA
S315200226708C050054E01F40F900C0358B0104403917
S31520022680020C4039420002514300621E02000090B1
S3152002269042D843FD6208621E210002512100621EB9
S315200226A00100009020DC43FD2008601E01000090FE
S315200226B024E043FD6308641E0100009024E443FDE8
S315200226C02108641E000840390400621E4228641E46
S315200226D04000781E8038601E0038631E0200781E75
S315200226E02128641E2300781E40F8FF371FFC037141
S315200226F02DF8FF54E01F8052BFFFFF17425C18538C
S315200227004040002A0000032A007C40935DFFFF9789
S315200227100000009000D043F93DFFFF97D3FFFF173B
S31520022720940600119F3E0B716C00005413008052D8
S31520022730CFFFFF170000009000D443F93FFFFF9719
S3152002274001488852E101A072A0008052B71300947A
S31520022750E0E3009143FEFF97E01F40F9A0FFFFB49C
S315200227600000009000CC43F929FFFF971400805205
S3152002277015008052ECFFFF17E87A022000000000C5
S31520022780905D202800000000307702200000000023
S31520022790507702200000000070770220000000001F
S315200227A080770220000000008877022000000000C7
S315200227B01B2FDD240681F63FE9263108AC1CD63FC5
S315200227C0A913D044D8F0E63F77BE9F1A2FDDF23FF9
S315200227D0FD7BBEA9FD030091F30B00F9F303002A4A
S315200227E0C00000347F0A007140010054F30B40F907
S315200227F0FD7BC2A8C0035FD600000090011444F9F5
S3152002280000000090001844F9E4080094F6FFFF1730
S3152002281000000090011C44F900000090002044F9B9
S31520022820F40A0094F2FFFF17C87802200000000085
S31520022830D85D202800000000E87A0220000000006F
S31520022840905D202800000000E0FF9F920000BAF26F
S315200228502000008BE36F40B21F0003EBC800005438
S31520022860E08F64B22100008B410000F90000805203
S31520022870C0035FD6E08361B22000008BE37740B2CB
S315200228801F0003EBA8000054E08762B22100008BF0
S31520022890410000F9F6FFFF17410000F9F4FFFF1788
S315200228A000000090008844F91F0000B9E0FF9F5203
S315200228B000040051003C0072800200540100009086
S315200228C0218844F9210040B941FFFF3400000090DD
S315200228D0008844F9000040B91F040071C00000546A
S315200228E000000090008844F91F0000B900008052C1
S315200228F0C0035FD600000090008844F91F0000B98B
S3152002290080258052FBFFFF1780258052F9FFFF1793
S31520022910C0FF1F2800000000200100B4020080D260
S31520022920030000141F682238420400915F4021EB05
S31520022930A3FFFF5400008052C0035FD6400080529E
S31520022940FEFFFF1700000000001C0012010000908D
S3152002295021C844F9210040B9E2E783523F00026BC5
S315200229604C0100540200009042C844F9230400118D
S31520022970430000B90200009042CC44F940C82138F5
S3152002298000008052C0035FD620018052FEFFFF174F
S31520022990F03D202800000000483E202800000000CC
S315200229A00000009000F844F900004039600000362B
S315200229B000008052C0035FD6FD7BBFA9FD030091B4
S315200229C00000009001FC44F900000090000045F947
S315200229D0990500940100009021F844F922008052C2
S315200229E022000039FD7BC1A8C0035FD61F2003D574
S315200229F0885D202800000000607902200000000087
S31520022A00405E202800000000FD7BBEA9FD03009148
S31520022A10F35301A9141C0012E2FFFF97F303002AC5
S31520022A20A0000034E003132AF35341A9FD7BC2A878
S31520022A30C0035FD622008052E103142A00000090D0
S31520022A40004845F965040094F303002AC0FEFF35C9
S31520022A5000000090004C45F91F0000B900000090CC
S31520022A60005045F91F0000B901E88352000000908A
S31520022A70005445F9A9FFFF97010A805200000090F1
S31520022A80005845F9A5FFFF97E7FFFF171F2003D53B
S31520022A90405E202800000000EC3D202800000000B7
S31520022AA0F03D202800000000483E202800000000BB
S31520022AB0F83D202800000000FD7BBFA9FD03009100
S31520022AC0D2FFFF97FD7BC1A8C0035FD6000000009E
S31520022AD0FD7BBEA9FD030091F30B00F9421C007297
S31520022AE0E3079F1AE203012AE10300AA00000090ED
S31520022AF0008845F9B6060094F303002A69FFFF977A
S31520022B00E003132AF30B40F9FD7BC2A8C0035FD66C
S31520022B10405E202800000000FD7BBEA9FD03009137
S31520022B20F35301A9F30300AAF403012AE9FFFF974D
S31520022B3080000034F35341A9FD7BC2A8C0035FD6AF
S31520022B40E103142AE00313AA74FFFF970100009001
S31520022B5021B045F93F0000B9F7FFFF171F2003D523
S31520022B60F03D202800000000FD7BBEA9FD03009158
S31520022B70F35301A90100009033D845F901000090D2
S31520022B8034DC45F9E203002A610240B9E00314AAC3
S31520022B90E2FFFF97610240B9E00314AA5FFFFF97A5
S31520022BA07F0200B9F35341A9FD7BC2A8C0035FD6B9
S31520022BB0F03D202800000000483E202800000000AA
S31520022BC0A00000B4010840B90000009000EC45F9CD
S31520022BD0010000B9C0035FD6C0FF1F280000000015
S31520022BE0FD7BBEA9FD030091F35301A9133C0012FC
S31520022BF0341C0012C0068052B0FFFF97603E48D3B5
S31520022C0052FFFF97E003132A50FFFF97E003142A8F
S31520022C104EFFFF9720008052D4FFFF97F35341A91E
S31520022C20FD7BC2A8C0035FD6FD7BBDA9FD03009133
S31520022C30F35301A9F51300F9F40300AAF503012AB7
S31520022C401300805207000014627E7E938002028B5C
S31520022C5001084039806A6278E2FFFF977306001105
S31520022C607F02156B2BFFFF54F35341A9F51340F94D
S31520022C70FD7BC3A8C0035FD6FD7BBEA9FD030091E1
S31520022C80F35301A9D32580D27320A2F2610240799F
S31520022C90213C0012745E04D180024039001C0012CD
S31520022CA021041A326102007900781C12001C0012DB
S31520022CB08002003961024079213C001280024039AB
S31520022CC0001C001221041C326102007900781D12B8
S31520022CD0001C001280020039017D805220008052A1
S31520022CE05212009461024079213C0012800240393E
S31520022CF0001C001221041A326102007900001D32E2
S31520022D008002003961024079213C0012800240395A
S31520022D10001C001221041C326102007900781D1267
S31520022D20001C001280020039017D805280028052EE
S31520022D303E12009461024079213C00128002403901
S31520022D40001C001221041A326102007900001D3291
S31520022D508002003961024079213C0012800240390A
S31520022D60001C001221041C326102007900001E326E
S31520022D7080020039017D8052800280522B120094FB
S31520022D80012080520000009000D046F9A7FFFF974D
S31520022D90F35341A9FD7BC2A8C0035FD61F2003D5EA
S31520022DA0C8FF1F2800000000FD7BBFA9FD0300917C
S31520022DB0E4FDFF9700008052FD7BC1A8C0035FD6C9
S31520022DC0041840F983084079637818128308007939
S31520022DD0041840F98308407963781D128308007924
S31520022DE0021000B9010400F9011840F920084079BF
S31520022DF0000019322008007900008052C0035FD6F5
S31520022E001F080071E00000541F0C0071E0000054FE
S31520022E101F040071E10000540008805204000014CF
S31520022E20001080520200001400188052C0035FD6A0
S31520022E3000008052FEFFFF17001000511F3800715C
S31520022E40E800005401000090217047F921486038BB
S31520022E50600000100188218B20001FD600008052BE
S31520022E601E000014004090521C0000140060905274
S31520022E701A000014008090521800001400A09052EC
S31520022E801600001400C090521400001400E0905264
S31520022E9012000014000091521000001400209152DA
S31520022EA00E000014004091520C0000140060915252
S31520022EB00A000014008091520800001400A09152CA
S31520022EC00600001400C091520400001400E0915242
S31520022ED00200001400209052C0035FD61F2003D5A3
S31520022EE0F87B0220000000001F0C007140020054F3
S31520022EF01F0C0071080100541F04007100020054C7
S31520022F001F08007100020054200200350020805262
S31520022F10C0035FD61F140071E00100541F18007110
S31520022F20E00100541F100071E101005400A08052FC
S31520022F30F8FFFF1700808052F6FFFF1700408052ED
S31520022F40F4FFFF1700608052F2FFFF170000805245
S31520022F50F0FFFF1700C08052EEFFFF1700E08052FD
S31520022F60ECFFFF1700008052EAFFFF17FD7BBCA98A
S31520022F70FD030091F35301A9F55B02A9F71B00F9A2
S31520022F80F40300AA001840F913184079733E001280
S31520022F9073061F3273621512613E00120118007900
S31520022FA0801640F9162840F9D71A40B9E003172AA5
S31520022FB0A2FFFF97F503002AE003172A91FFFF9746
S31520022FC07302002AC01E40B9C8FFFF977302002A67
S31520022FD0801A40F9B53E0012152C007973761D121F
S31520022FE0801A40F9733E001213180079F35341A94F
S31520022FF0F55B42A9F71B40F9FD7BC4A8C0035FD647
S3152002300002504039421C0012231680124500030A40
S31520023010055000392304403903080039230040397A
S31520023020631043D30400407964040033040000791A
S3152002303023004039630008362308C0390301F837D4
S3152002304021004039220000124200052A210842D3DB
S31520023050411C012A01500039C0035FD6A2001C324E
S31520023060025000392208403902080039A5001B32D5
S31520023070F4FFFF17FD7BBEA9FD030091F35301A9BF
S31520023080F30300AA200440B91F0C0071C0040054A7
S3152002309000008052220840B94200003400001B3250
S315200230A05F0C007140040054220C40B95F04007189
S315200230B020040054621A40F9003C001240000079B4
S315200230C0342840F9800A40B9010800513F040071B2
S315200230D0A80300541F0800712003005400008052E8
S315200230E0611A40F9001C001220500039601A40F97A
S315200230F00100801201080039E00313AA9CFFFF9702
S31520023100800E40B980020034611A40F920504039BD
S3152002311000001E3220500039F35341A9FD7BC2A87C
S31520023120C0035FD600088052DBFFFF1700001C3267
S31520023130DEFFFF1700001D32DFFFFF17200080523F
S31520023140E8FFFF17810A40F9601A40F9ADFFFF97A1
S31520023150EAFFFF17611A40F92050403900781D1204
S3152002316020500039EDFFFF17FD7BBEA9FD0300911C
S31520023170F35301A9F30300AA021840F94008407943
S31520023180003C0012831E80121400030A54080079A0
S315200231907F0600F9601A40F99AFFFF97601A40F9F4
S315200231A0940A1C321408007900008052F35341A974
S315200231B0FD7BC2A8C0035FD6FD7BBCA9FD0300919F
S315200231C0F30B00F9F30300AA002440F9E00200B44D
S315200231D0041440A9E49702A9030840F9E31F00F961
S315200231E0631640F963004039030000B9010800B9AB
S315200231F0020400B9612A40F9010800F9612240F966
S3152002320020003FD6602640F9A00000B4E28F42A9F2
S31520023210020C00A9E11F40F9010800F9F30B40F95D
S31520023220FD7BC4A8C0035FD6E0A30091EDFFFF1784
S31520023230FD7BBEA9FD030091F30B00F9F30300AA5F
S3152002324007000014020280520F000014602240F987
S31520023250600000B4E00313AAD8FFFF97601A40F972
S31520023260011C40793F1040F280040054021040793C
S31520023270433C001201284039211C001242FE1F370E
S31520023280020080524300103642001D32602240B9AD
S3152002329080000035C2FDFF3542001E32ECFFFF17CB
S315200232A0C2000034602240F9A0FDFFB4E00313AA55
S315200232B0C2FFFF97EAFFFF17600E40F901000039AF
S315200232C0600E40F900040091600E00F9602240B9B8
S315200232D000040051602200B920FCFF35602240F92B
S315200232E0E0FBFFB42200805201008052E00313AAC1
S315200232F0B2FFFF97DAFFFF17F30B40F9FD7BC2A857
S31520023300C0035FD600000000FD7BBDA9FD0300912E
S31520023310F35301A9F51300F9F303002AF503012A51
S31520023320F40302AAC60E0094015C4092007C78D374
S31520023330001C60920200B052210000AAE003132A68
S31520023340040E0094A1121D53E003132AF50D0094D6
S315200233500000009000D041F9757E4093017875B83F
S31520023360E003132A090E009441008052E003132A37
S31520023370190E009421008052E003132A610E009454
S315200233800000009000D441F9147835F8F35341A98E
S31520023390F51340F9FD7BC3A8C0035FD61F2003D5D2
S315200233A0E802202800000000005F2028000000001C
S315200233B0FD7BBDA9FD030091F35301A9F51300F985
S315200233C0F40300AA351C0012F303022AE003022AA0
S315200233D0CD0D0094E20314AAE103152AE003132A71
S315200233E0CAFFFF97F35341A9F51340F9FD7BC3A802
S315200233F0C0035FD6FD7BBDA9FD030091F35301A94E
S31520023400F51300F9F40300AAF30301AA011440F903
S31520023410352840F9622E40B961A24039E5FFFF976F
S31520023420621640B961424039E00314AAE1FFFF97D0
S31520023430A20640B9A1024039E00314AADDFFFF9794
S31520023440621E40B961624039E00314AAD9FFFF9790
S31520023450622640B961824039E00314AAD5FFFF975C
S31520023460F35341A9F51340F9FD7BC3A8C0035FD6E8
S31520023470FD7BBFA9FD0300911F7C00718C000054C7
S315200234804C0E0094FD7BC1A8C0035FD6CB0D0094E1
S31520023490FDFFFF17FD7BBCA9FD030091F35301A994
S315200234A0F55B02A9F71B00F9F30300AAF40301AAAC
S315200234B0220040394200419142B8049142D476D347
S315200234C0021800F9011400F9222040F9022000F91D
S315200234D0222440F9022800F91F2400F9C6FFFF978B
S315200234E0601640F9152840F95D0E0094F60300AAED
S315200234F0000080D2560E009480024039210080526C
S315200235002120C01A2140012A2020A2D2018405B9F5
S315200235102120A2D2210447B98302403922008052B7
S315200235204220C31A3F00026A40FFFF54E00316AA54
S31520023530470E00944A0E0094F70300AA000080D298
S31520023540430E009481024039210400113600805234
S31520023550C122C11A213C1053006C81D22020A2F232
S31520023560010800B9010840B9000840B9E103162A4A
S31520023570C01280522D100094E00317AA340E009434
S31520023580370E0094F70300AA000080D2300E009472
S3152002359080024039D622C01AD642162A2020A2D22A
S315200235A0168408B92120A2D221044AB983024039BD
S315200235B0220080524220C31A3F00026A41FFFF5472
S315200235C0E00317AA220E0094601A40F91F08007918
S315200235D0611A40F920184079003C001200041F327B
S315200235E020180079601A40F9011040791F100079DD
S315200235F0601A40F9012440791F240079B60A40B99D
S3152002360096000034DF0600714000005456008052B6
S31520023610601A40F9C13E001201080079E10314AA9A
S31520023620E00313AA94FEFF9760008052607200792D
S315200236307F0600F97F1200B97F0E00F97F2200B9BA
S31520023640601640F9141440B9E003142A89FFFF9743
S31520023650E003142A250D0094601640F9142C40B973
S31520023660E003142A83FFFF97E003142A1F0D009418
S31520023670B40640B9E003142A7EFFFF97E003142A1A
S315200236801A0D0094601640F9141C40B9E003142A5E
S3152002369078FFFF97E003142A140D0094601640F970
S315200236A0142440B9E003142A72FFFF97E003142A78
S315200236B00E0D0094D60A1C32601A40F9D63E00122C
S315200236C016080079A02640B920020034611A40F972
S315200236D02018407900001D3220180079601A40F91E
S315200236E06172407901200079A0CA88526068AA7264
S315200236F0600200B900008052F35341A9F55B42A94A
S31520023700F71B40F9FD7BC4A8C0035FD660724079DF
S3152002371000041A3260720079611A40F92018407941
S3152002372000781C1220180079EDFFFF170000000018
S31520023730FD7BBCA9FD030091F35301A9F55B02A908
S31520023740F71B00F9F50300AAF603012A541C0012FE
S31520023750F703032AF30304AA000080128004003927
S315200237608000403900781E1280000039E00F801256
S3152002377080080039E0018052A40C0094080080528F
S315200237800B00805209D490522900A0724F000014D7
S3152002379001000090219044F927586478E77C161B93
S315200237A00208C71A5F0004718905005484040011B7
S315200237B09F2000718808005401000090218C44F952
S315200237C025486438A50441D3BF00286B01FFFF5466
S315200237D0A11640F921004039C1FDFF3501000090B4
S315200237E0218C44F921486438210C42D33F080071C8
S315200237F001FDFF54EEFFFF170A0080520106F8373B
S315200238003F01016BED01005402000090428C44F905
S31520023810434864386202403962001E33620200392C
S31520023820A200003362020039630C42D362041D33C4
S315200238306202003966060039EB030A2AE903012AE5
S3152002384074FB07366102403921001F3261020039BA
S315200238506B0A0039E203062AA2FAFF344604005113
S31520023860427C071BE303002A01D490D22100A0F256
S31520023870637C019B417C4093630CC19A61604051F9
S3152002388021801A51B4FB0736017C08534208C11A1B
S315200238904A1C0012C2F83F36421C0012427C031B0D
S315200238A041FC03115F00007121B0821A022C8F5253
S315200238B0C2FFBF724120810BD1FFFF17E103014BEB
S315200238C0D0FFFF17080500111F050071E2879F1A16
S315200238D0FF02096BE1A79F1A5F0000712418407A44
S315200238E06000005404008052B2FFFF17FF02096BEA
S315200238F0EB00005400008052F35341A9F55B42A924
S31520023900F71B40F9FD7BC4A8C0035FD66000805236
S31520023910FAFFFF171F2003D5207C0220000000009B
S31520023920087C02200000000001000090211045F9C9
S3152002393020D860F8011440F9211C40F9810200B414
S31520023940011040B9C1060035021840F941084079F4
S31520023950213C001221001E3221781812213C00122D
S31520023960410800791F0400F9012040F9810500B4BD
S31520023970FD7BBFA9FD0300910210805201008052F7
S315200239800EFEFF97FD7BC1A8C0035FD6011040B98A
S3152002399081FDFF34020440F9011840F94200403902
S315200239A022180039011040B921040051011000B932
S315200239B0010440F921040091010400F9011840F99B
S315200239C0221C4079423048D30C000014030440F9EB
S315200239D0011840F96300403923180039011040B913
S315200239E021040051011000B9010440F9210400917B
S315200239F0010400F9420400115F3C00716800005482
S31520023A00011040B941FEFF35021840F941104079B4
S31520023A1021781A1241100079CAFFFF17C0035FD618
S31520023A20005F202800000000FD7BBEA9FD03009157
S31520023A30F30B00F901000090213845F933D860F8DC
S31520023A40E00313AAFBFDFF97611A40F92010407983
S31520023A50003C001200781E12003C00122010007951
S31520023A60F30B40F9FD7BC2A8C0035FD61F2003D506
S31520023A70005F202800000000FD7BBEA9FD03009107
S31520023A80F35301A901000090218845F934D860F842
S31520023A90811A40F933104079733E001220088012B1
S31520023AA06002000A20100079930200371302303692
S31520023AB0811A40F920084079003C0012821240B94E
S31520023AC022020035821080120000020A003C0012F7
S31520023AD020080079802240F9A00000B442008052DA
S31520023AE001008052E00314AAB4FDFF97F35341A9C3
S31520023AF0FD7BC2A8C0035FD6E00314AACDFDFF97C3
S31520023B00EBFFFF1700781D12F1FFFF171F2003D5C9
S31520023B10005F2028000000000100009021A445F942
S31520023B2020D860F8011840F922104079403C001252
S31520023B304200383600781812003C00122010007914
S31520023B40C0035FD61F2003D5005F20280000000097
S31520023B500100009021E845F920D860F8051840F9BF
S31520023B60A2104079433C0012A1244079213C001244
S31520023B70E403012A8202203663781B12020880524D
S31520023B806100003642001B3224781F12633C001269
S31520023B90A3100079011840F9843C001224240079EC
S31520023BA062010034012040F9210100B4FD7BBFA946
S31520023BB0FD0300910100805280FDFF97FD7BC1A885
S31520023BC0C0035FD602008052EEFFFF17C0035FD606
S31520023BD0005F202800000000010800B9020C00B98D
S31520023BE000008052C0035FD6FD7BBDA9FD03009174
S31520023BF0F30B00F9F30300AA002840F9000200B4EF
S31520023C00020C40A9E20F02A9622E40F9020000F935
S31520023C10010800B9612640F920003FD6602A40F902
S31520023C20600000B4E20F42A9020C00A97FEE00391F
S31520023C30F30B40F9FD7BC3A8C0035FD6E083009156
S31520023C40F2FFFF17020C40F94190403921781D12EC
S31520023C504190003901F0403961020036FD7BBFA94F
S31520023C60FD03009101EC40396101003701E440393E
S31520023C70E100003641008052030C40F9627040395F
S31520023C8042781D12627000390400001461008052CD
S31520023C90FAFFFF1721008052D4FFFF97FD7BC1A8B0
S31520023CA0C0035FD6C0035FD601D840393F0C0071EE
S31520023CB06001005402D04039010C40F922F000394B
S31520023CC001E040392104001101E0003901DC4039CC
S31520023CD02104005101DC0039C0035FD601E04039DE
S31520023CE03F08007181FEFF540100413961FF07360A
S31520023CF0F1FFFF1700000000FD7BBDA9FD03009127
S31520023D00F35301A9F51300F9F303002AF503012A57
S31520023D10F40302AA4A0C0094015C4092007C78D3F8
S31520023D20001C60920200B052210000AAE003132A6E
S31520023D30880B0094A1121D53E003132A790B0094D9
S31520023D400000009000C846F9757E4093017875B848
S31520023D50E003132A8D0B009441008052E003132ABC
S31520023D609D0B009421008052E003132AE50B009458
S31520023D700000009000CC46F9147835F8F35341A997
S31520023D80F51340F9FD7BC3A8C0035FD61F2003D5D8
S31520023D90E802202800000000005F20280000000022
S31520023DA0FD7BBFA9FD0300911F7C00718C0000548E
S31520023DB0000C0094FD7BC1A8C0035FD67F0B009444
S31520023DC0FDFFFF17FD7BBEA9FD030091F30B00F952
S31520023DD0F30300AA00DC40392004003560E64039AE
S31520023DE020040037602E40B980010034621240F967
S31520023DF0613240B9600E40F94168613801F00039FC
S31520023E00603240B900040011603200B9602E40B918
S31520023E1000040051602E00B9602E40B940020035E0
S31520023E20610E40F9207040390018001220700039C6
S31520023E30600E40F900704039C0FF3F37600240F9FA
S31520023E40001C40B9D7FFFF97610E40F92070403918
S31520023E5000001A322070003903000014E00313AA6E
S31520023E6092FFFF97F30B40F9FD7BC2A8C0035FD6F2
S31520023E70FD7BBEA9FD030091F30B00F9F303002A93
S31520023E809EFFFF97E003132AC6FFFF97E003132A3C
S31520023E90160B0094F30B40F9FD7BC2A8C0035FD634
S31520023EA0FD7BBDA9FD030091F35301A9F51300F98A
S31520023EB0F30300AAF40301AA000040F9152440F9ED
S31520023EC0600E40F9E1038052010000B9600E40F90C
S31520023ED0E10B8052010000B9600E40F9E11B8052CD
S31520023EE0010000B9A02A4039610E40F900081B32B0
S31520023EF0203400B9A0264039610E40F900081B3251
S31520023F00203800B9A022403900081C53610E40F91E
S31520023F1000001D32200800B9A00240B91F0400711A
S31520023F202008005482008052A00640B900181F5370
S31520023F30610E40F90000022A200C00B9A02E403959
S31520023F40610E40F900040051001C0012201000B935
S31520023F50600240F9010440B900488852E001A0728B
S31520023F603F00006B40060054E10E8052600E40F97D
S31520023F70011400B9600E40F91F1800B9600E40F90D
S31520023F8061168052011C00B9E20313AA814240390C
S31520023F90A01E40B9B7FFFF97E20313AA8142403918
S31520023FA0A01A40B9B3FFFF97E20313AA8142403910
S31520023FB0A01640B9AFFFFF97E20313AA8142403908
S31520023FC0A01240B9ABFFFF97E20313AA8142403900
S31520023FD0A00E40B9A7FFFF97E20313AA81424039F8
S31520023FE0801A40B9A3FFFF97E20313AA8142403900
S31520023FF0801E40B99FFFFF97E20313AA81424039F0
S31520024000801640B99BFFFF97600E40F9E11380525C
S31520024010010000B9F35341A9F51340F9FD7BC3A86A
S31520024020C0035FD6A2008052C0FFFF17E11E805256
S31520024030CFFFFF17FD7BBDA9FD030091F35301A915
S31520024040F55B02A9F40300AAF30301AA2000403972
S31520024050000041910080059100D476D3800E00F9AC
S31520024060810200F9200840B9800A00B9200C40B923
S31520024070800E00B9201C40F9802600F9202040F944
S31520024080802E00F99F2A00F9750B0094F50300AAE9
S31520024090000080D26E0B00946002403921008052CB
S315200240A02120C01A2140012A2020A2D2018005B94E
S315200240B02120A2D2210047B9630240392200805230
S315200240C04220C31A3F00026A40FFFF54E00315AAAA
S315200240D05F0B0094620B0094F60300AA000080D2C4
S315200240E05B0B009461024039212800113500805271
S315200240F0A122C11A213C1053006C81D22020A2F2A7
S31520024100010800B9010840B9000840B9E103152A9F
S31520024110C0128052450D0094E00316AA4C0B00945F
S315200241204F0B0094F60300AA000080D2480B00949D
S3152002413060024039B522C01AB542152A2020A2D2E1
S31520024140158008B92120A2D221004AB9630240393A
S31520024150220080524220C31A3F00026A41FFFF54C6
S31520024160E00316AA3A0B0094E10313AAE00314AA69
S315200241704CFFFF979F1200F99F2A00B99F2E00B984
S315200241809F3200B99FE600399FEA00399FEE003937
S315200241909FF20039602889522049AA72801200B9FA
S315200241A000008052F35341A9F55B42A9FD7BC3A8C7
S315200241B0C0035FD6FD7BBEA9FD030091F30B00F978
S315200241C0F30300AAC10100377F2E00B960DA403915
S315200241D060E20039602A40B9603200B97FF20039C4
S315200241E07FEA0039600E40F961168052011C00B93F
S315200241F0F30B40F9FD7BC2A8C0035FD6000C40F941
S315200242001F1C00B9610240F9E00313AA25FFFF979C
S31520024210EEFFFF17FD7BBEA9FD030091F30B00F90C
S31520024220F30300AA000040F9022440F9600E40F987
S3152002423001104039610030376106413941010036AB
S3152002424061064139610200367F0601390190403903
S3152002425021781B1201900039F30B40F9FD7BC2A88D
S31520024260C0035FD60190403921781B120190003994
S315200242702100805261EE0039E00313AACEFFFF9798
S3152002428021008052E00313AA58FEFF97F3FFFF177F
S315200242902100805261EE0039012440B9E31E80528A
S315200242A02100030A012400B9600E40F9010180525F
S315200242B0010400B9400040B91F040071C001005436
S315200242C041008052600E40F9010C00B9610E40F99E
S315200242D0205040390000003220500039600E40F94B
S315200242E001904039C10018372000805260060139FA
S315200242F0DAFFFF1761008052F3FFFF170190403962
S3152002430021781B1201900039D4FFFF17FD7BBEA92D
S31520024310FD030091F30B00F9F30300AA010C40F907
S315200243202090403900781C122090003960EE4039E6
S31520024330E001003760E640396001003641008052D4
S31520024340620E40F94070403900781C1240700039E4
S31520024350E00313AA25FEFF97F30B40F9FD7BC2A8C3
S31520024360C0035FD661008052F6FFFF17010080521C
S31520024370E00313AA90FFFF9721008052F5FFFF1753
S31520024380FD7BBEA9FD030091F30B00F9F30300AAFE
S31520024390020C40F94190403921781E124190003991
S315200243A02100805201EC003983FFFF9721008052C1
S315200243B0E00313AA0DFEFF97F30B40F9FD7BC2A87B
S315200243C0C0035FD6FD7BBEA9FD030091F30B00F966
S315200243D0F30300AA020C40F94190403921781F12BA
S315200243E0419000392100805201EC003972FFFF977B
S315200243F021008052E00313AAFCFDFF97F30B40F93C
S31520024400FD7BC2A8C0035FD6FD7BBDA9FD0300913B
S31520024410F35301A9F51300F9F30300AA000040F9AA
S31520024420152440F92000805278090094F403002ACA
S31520024430E001805275090094620E40F9412040390C
S31520024440211844D30024C11A800AC01A41D0403907
S3152002445021100012007C011B61F240394101003714
S31520024460007C025302000014000400516000003454
S3152002447041104039A1FF3F37800700346016805231
S31520024480401C00B97FE200397F3200B9602A40B968
S31520024490602E00B960DA403960DE00397FEE0039DD
S315200244A07FF600397FFA00397FFE00397F02013913
S315200244B0A00240B91F040071E00400548200805219
S315200244C0A00640B900181F53610E40F90000022AC7
S315200244D0200C00B9610E40F92040403900001C3200
S315200244E020400039610E40F92040403900781C12E4
S315200244F020400039610E40F92040403900781B12D5
S3152002450020400039610E40F9205040390000003227
S3152002451020500039600240F9001840B9730900940E
S31520024520600E40F9E1178052011C00B960F2403951
S3152002453060010037600E40F941008052010400B943
S3152002454000008052F35341A9F51340F9FD7BC3A81D
S31520024550C0035FD6A2008052DAFFFF177FF200392E
S3152002456000008052F8FFFF1700018052F6FFFF1766
S31520024570FD7BBFA9FD030091011000F9022800B9B5
S315200245801F040139010C40B93F040071E0000054B8
S315200245907F000071E1079F1A01E400399BFFFF9714
S315200245A0FD7BC1A8C0035FD61FD40039010840B9DC
S315200245B021181F53621C00122100022A01D0003941
S315200245C02100805201D80039F2FFFF17FD7BBFA9D7
S315200245D0FD030091631C001203E800390300805298
S315200245E0E4FFFF97FD7BC1A8C0035FD6FD7BBEA972
S315200245F0FD030091F30B00F9F30300AA002C40B946
S315200246001F0C0071000200541F080071A004005400
S315200246101F0400710102005460EA4039C0050037C8
S31520024620610E40F9202440B9E21E80520000020A9F
S31520024630202400B9600E40F901018052010400B91C
S3152002464005000014610E40F92040403900001A325C
S3152002465020400039620E40F9611240F9603240B9B9
S315200246604200413922682038603240B900040011E4
S31520024670603200B9602E40B900040051602E00B9A4
S31520024680A0000035610E40F9204040390078191209
S3152002469020400039F30B40F9FD7BC2A8C0035FD648
S315200246A0610E40F92040403900001C32204000397A
S315200246B0610E40F92040403900001D322040003969
S315200246C0610E40F92040403900781B122040003903
S315200246D0E1FFFF17600240F9001840B90A09009469
S315200246E0610E40F92070403900601932207000397D
S315200246F0610E40F92040403900001C32204000392A
S31520024700610E40F92040403900781C1220400039C1
S31520024710610E40F92040403900781B1220400039B2
S31520024720600E40F981008052010400B9610E40F901
S315200247302050403900781F12205000392000805224
S3152002474060F20039C4FFFF17FD7BBEA9FD0300916D
S3152002475001F4403921040037012840B93F0800718D
S31520024760A8000054020C40F94140403921001A3277
S3152002477041400039012C40B93F04007140010054E8
S31520024780010C40F921004139211C0012E17F003938
S31520024790E17F40392100805201F40039FD7BC2A815
S315200247A0C0035FD6020C40F94140403921001C3239
S315200247B041400039020C40F94140403921001D3266
S315200247C041400039020C40F94140403921781B1200
S315200247D041400039EBFFFF17012C40B901FEFF349F
S315200247E083FFFF97EEFFFF17FD7BBEA9FD03009116
S315200247F0F30B00F9F30300AA00E4403980000036E7
S3152002480060DE40391F040071E0020054602E40B978
S315200248106001003560EA4039C0020037610E40F976
S31520024820202440B9E21E80520000020A202400B948
S31520024830600E40F901018052010400B9610E40F96F
S31520024840207040390078191220700039610E40F923
S3152002485021704039C1FF3737F30B40F9FD7BC2A8DF
S31520024860C0035FD660024139A0FE0736E8FFFF1774
S31520024870600240F9001840B9A3080094610E40F97D
S31520024880207040390060193220700039600E40F9DC
S3152002489081008052010400B9610E40F9205040394E
S315200248A000781F12205000392000805260F2003911
S315200248B0E3FFFF1700000000FD7BBFA9FD03009167
S315200248C001000090216C44F920D860F89FFFFF97E1
S315200248D0FD7BC1A8C0035FD6005F20280000000030
S315200248E0FD7BBFA9FD03009101000090218044F9C0
S315200248F020D860F834FDFF97FD7BC1A8C0035FD6A0
S31520024900005F202800000000FD7BBFA9FD03009167
S3152002491001000090219444F920D860F8B3FFFF9754
S31520024920FD7BC1A8C0035FD6005F202800000000DF
S31520024930FD7BBFA9FD0300910100009021A844F947
S3152002494020D860F834FEFF97FD7BC1A8C0035FD64E
S31520024950005F202800000000FD7BBFA9FD03009117
S315200249600100009021BC44F920D860F868FEFF9728
S31520024970FD7BC1A8C0035FD6005F2028000000008F
S31520024980FD7BBFA9FD0300910100009021D044F9CF
S3152002499020D860F8ACFCFF97FD7BC1A8C0035FD688
S315200249A0005F202800000000FD7BBFA9FD030091C7
S315200249B00100009021E444F920D860F871FEFF97A7
S315200249C0FD7BC1A8C0035FD6005F2028000000003F
S315200249D0FD7BBFA9FD0300910100009021F844F957
S315200249E020D860F878FEFF97FD7BC1A8C0035FD66A
S315200249F0005F202800000000200040B91F0400713B
S31520024A00600200541F080071C0020054400840F999
S31520024A10000440B2400800F906008252450C40B913
S31520024A20A508C61A400040F9230840F9000003CB26
S31520024A30E303062A0008C39A210440F900701D5395
S31520024A4020C0208B0300805213000014400840F936
S31520024A50000040B2400800F90600A852F0FFFF17F6
S31520024A60400840F9000040B2400800F90604A0526E
S31520024A70EBFFFF17410840B9440840F9210004AA78
S31520024A80018400F8410840B92100060B410800B90B
S31520024A90630400117F00056BEBFEFF540000805279
S31520024AA0C0035FD6010000F9C0035FD6FD7BBFA914
S31520024AB0FD030091200040B91F04007180010054BB
S31520024AC0200840F9420000CB42FC55D342F07DD368
S31520024AD0200440F9610440B20000028BF2FFFF97E6
S31520024AE000008052FD7BC1A8C0035FD6200840F992
S31520024AF0420000CB42FC5ED342F07DD3F5FFFF1786
S31520024B00FD7BBDA9FD030091F35301A9F51300F91D
S31520024B10200040B91F040071400200541F08007192
S31520024B20C001005400008252550C40B9B50AC01A81
S31520024B30530040F9220840F9730202CBE003002A0F
S31520024B40730AC09A200440F973721D5313C0338B23
S31520024B50140080520A0000140004A052F3FFFF172B
S31520024B600000A852F1FFFF17010080D2E00313AA2A
S31520024B70CDFFFF9773220091940600119F02156BB9
S31520024B804BFFFF5400008052F35341A9F51340F91D
S31520024B90FD7BC3A8C0035FD6FD7BB9A9FD030091A7
S31520024BA0F35301A9F55B02A9F76303A9F40300AA4B
S31520024BB00100009033A046F961020032080A0094EF
S31520024BC020008052E05B00B9F33300F9FF3700F989
S31520024BD00000009015A446F9E30315AA020080D22C
S31520024BE0E1630191E00314AAB1FFFF970000009050
S31520024BF016A846F9E30316AA0200A8D2E163019198
S31520024C00E00314AAAAFFFF970000009018AC46F909
S31520024C10E30318AA0200B0D2E1630191E00314AAC9
S31520024C20A3FFFF970000009017B046F9E30317AAE7
S31520024C300200B8D2E1630191E00314AA9CFFFF9718
S31520024C4040008052E05B00B9130080521800001425
S31520024C50E07B40B25F0000EBA8000054F63300F977
S31520024C600000A8D2E03700F9290000140000A8129B
S31520024C705F0000EBA8000054F83300F90000B0D220
S31520024C80E03700F922000014F73300F90000B8D209
S31520024C90E03700F91E000014E2030191E16301915D
S31520024CA0E00314AA55FFFF97730600110000009037
S31520024CB001B446F9607E7BD32100008B210C40F99A
S31520024CC0E07F40B23F0000EBE0020054000000907B
S31520024CD003B446F9627E7BD36000028B626862F877
S31520024CE0E22300F9030440F9E34B00B9000840F936
S31520024CF0E04F00B9E12B00F9E07740B25F0000EB0C
S31520024D0088FAFF54F53300F9FF3700F961FCFFB545
S31520024D10E2030191E1630191E00314AA79FFFF976F
S31520024D20E2FFFF1700008052F35341A9F55B42A927
S31520024D30F76343A9FD7BC7A8C0035FD61F2003D50F
S31520024D4000E001000000000000F001000000000069
S31520024D500000020000000000001002000000000017
S31520024D6000200200000000009077022000000000D0
S31520024D70033C48D32300003940000039C0035FD6E4
S31520024D80211C0012421C0012631C00127FFC0371BC
S31520024D900001005404004039841C00128300230AB7
S31520024DA0631C00132120C21A6300012A611C00120F
S31520024DB001000039C0035FD6213C0012423C00129A
S31520024DC0633C0012E4FF9F527F00046B00010054F3
S31520024DD004004079843C00128300230A633C0013BA
S31520024DE02120C21A6300012A613C001201000079C7
S31520024DF0C0035FD67F040031A0000054040040B9EE
S31520024E008300230A2120C21A6100012A010000B967
S31520024E10C0035FD6FD7BB9A9FD030091F35301A917
S31520024E20F55B02A9F76303A9F96B04A9FB7305A92C
S31520024E30F403012AE2BB0191E1BF0191CDFFFF9765
S31520024E40F3BB413975061D53E0BF413900080051B5
S31520024E5000181F531308530B380080521823D51AF3
S31520024E6077008052F722D51A992E4AD39C4E53D3D5
S31520024E709B5654D39A5E56D3731E7ED3160283D282
S31520024E807620A2F2E303182AE203152A814A52D394
S31520024E906002168BD8FFFF97C00220D1E303172AA0
S31520024EA0E203152AE103192A6002008BD2FFFF973B
S31520024EB0E0BF41391F04007100010054F35341A998
S31520024EC0F55B42A9F76343A9F96B44A9FB7345A98C
S31520024ED0FD7BC7A8C0035FD6130184D27320A2F23A
S31520024EE0E303182AE203152AE1031C2AE00313AA84
S31520024EF0C1FFFF9773021091E303172AE203152AD3
S31520024F00E1031B2AE00313AABBFFFF97E303172A39
S31520024F10E203152AE1031A2A60021091B6FFFF97CF
S31520024F20E7FFFF17FD7BB7A9FD030091F35301A904
S31520024F30F55B02A9F76303A9F96B04A9FB7305A91B
S31520024F40F503012AE23B0291E13F029189FFFF9795
S31520024F50E23B423954041D53E03F423901181F53A4
S31520024F602108420B381C0012230080527600805200
S31520024F70D622D41A7720D41A41741E53E4008052C2
S31520024F808120C11AE16700B9BC2E4AD3BB4651D350
S31520024F90BA1644D3B94E53D3A45654D3E43700F9A0
S31520024FA0A45E56D3E43B00F9A46A58D3E43F00F941
S31520024FB0134280D27320A2F26320C21AA14250D396
S31520024FC06002208B6FFFFF97151F7ED373C2399124
S31520024FD0E303162AE203142AE1031C2AA002138BF6
S31520024FE085FFFF9760021091E303172AE203142A32
S31520024FF0E1031B2AA002008B7FFFFF9760023091FC
S31520025000E303162AE203142AE1031A2AA002008BDA
S3152002501079FFFF9760064091E303172AE203142AD9
S31520025020E103192AA002008B73FFFF97E303162AD6
S31520025030E203142AE16B40B9009084D26020A2F2E6
S31520025040A002008B6CFFFF97E303162AE203142AC1
S31520025050E17340B9001085D26020A2F2A002008B33
S3152002506065FFFF97E03F4239E23B4239730231D175
S31520025070E36740B942741E53E17B40B9600A008B54
S315200250805DFFFF97F35341A9F55B42A9F76343A955
S31520025090F96B44A9FB7345A9FD7BC9A8C0035FD65A
S315200250A0FD7BB6A9FD030091F35301A9F55B02A985
S315200250B0F76303A9F96B04A9FB7305A9F303012A74
S315200250C0E27B0291E17F02912AFFFF97E27B42393E
S315200250D055041D53E07F423901181F532108420B04
S315200250E0381C001237008052E122C21A231C0012F9
S315200250F041781F5376008052C122C11A213C0012E8
S31520025100E18B00B9D622D51AF722D51A7C2E4AD39C
S315200251107B4651D37A1644D3793A4ED3644E53D32F
S31520025120E43700F9645654D3E43B00F9645E56D35F
S31520025130E43F00F9640E42D3E44300F9640200120C
S31520025140E48F00B9144280D27420A2F2E36700B938
S31520025150614250D38002208B0AFFFF97131F7ED312
S3152002516094C23991E303162AE203152AE1031C2A83
S315200251706002148B20FFFF9780021091E303172A07
S31520025180E203152AE1031B2A6002008B1AFFFF970E
S3152002519080023091E303162AE203152AE1031A2A32
S315200251A06002008B14FFFF97E303172AE203152AF6
S315200251B0E103192A009085D26020A2F26002008BB8
S315200251C00DFFFF9780064091E303172AE203152A73
S315200251D0E16B40B96002008B07FFFF97E303162AB3
S315200251E0E203152AE17340B9009084D26020A2F22C
S315200251F06002008B00FFFF97E303162AE203152ABB
S31520025200E17B40B9001085D26020A2F26002008BB9
S31520025210F9FEFF97E07F4239E27B423994823DD103
S31520025220E313417942381F53E10341798006008B0B
S31520025230E2FEFF97E47F4239E3934139E27B42392A
S31520025240E1334239000280D26020A2F28000008B34
S31520025250CCFEFF97F35341A9F55B42A9F76343A915
S31520025260F96B44A9FB7345A9FD7BCAA8C0035FD687
S31520025270FD7BBFA9FD030091E2FF9F521F00026B37
S31520025280A8000054C100803627FFFF97FD7BC1A8E6
S31520025290C0035FD6E0FEFF97FDFFFF1781FFFF9752
S315200252A0FBFFFF1700000000FD7BBEA9FD03009156
S315200252B0F30B00F9EA060094F30300AA000080D259
S315200252C0E306009400000090008841F9000040B9EE
S315200252D0C0000035000286D26020A2F21F100039DB
S315200252E0010880520110003900000090018841F91E
S315200252F0200040B900040011200000B9E00313AADF
S31520025300D3060094F30B40F9FD7BC2A8C0035FD6F7
S31520025310F05E202800000000FD7BBEA9FD0300915F
S31520025320F30B00F9CE060094F30300AA000080D204
S31520025330C70600940000009000C841F9000040B959
S31520025340C00000340000009001C841F9200040B995
S3152002535000040051200000B90000009000C841F965
S31520025360000040B9C0000035000286D26020A2F2B9
S315200253701F100039E10F801201100039E00313AA31
S31520025380B3060094F30B40F9FD7BC2A8C0035FD697
S31520025390F05E202800000000FD7BBEA9FD030091DF
S315200253A0F35301A9F40300AAC0FFFF97130080520A
S315200253B009000014820640F9613E7DD34000018B2C
S315200253C0416861B8000440B9AAFFFF97730600112D
S315200253D0733E0012800240791F00136BC8FEFF54F1
S315200253E0CEFFFF97F35341A9FD7BC2A8C0035FD628
S315200253F0FD7BBFA9FD030091E20300AAE00301AAF7
S31520025400814A8A52E109AA72410000B9400800F98C
S31520025410E2FFFF9700008052FD7BC1A8C0035FD642
S315200254206210A2D2410042B921781F12410002B96C
S3152002543021008052010000B900008052C0035FD6CD
S315200254406210A2D2434C41B9020440F963087DD3CB
S315200254504200038B420840B9220400F9000040B9F9
S31520025460200000B900008052C0035FD6023040F906
S315200254706010A2D2011044B921780612011004B993
S31520025480011044B921780712011004B9420040B92B
S31520025490011044B9410C0033011004B96101805254
S315200254A0C102A072011804B901E09F5201EFBE7237
S315200254B0016004B9E1E39F52E11FA072016404B9BD
S315200254C02020A2D24100A052016405B92020A2D2F6
S315200254D000E446B9C0FF0F376110A2D2201C44B99E
S315200254E000000032201C04B92020A2D2E1830F3210
S315200254F0016405B92020A2D200E446B9C0FF0F36C6
S315200255002020A2D2E1830032016408B9C0035FD60B
S31520025510001800511F0C00716900005400008052CF
S31520025520C0035FD620008052FEFFFF171F0C0071BA
S315200255306900005400008052C0035FD620008052CA
S31520025540FEFFFF17001000511F040071690000546E
S3152002555000008052C0035FD620008052FEFFFF1754
S315200255601F0C00716900005400008052C0035FD6F0
S3152002557020008052FEFFFF17001000511F04007109
S315200255806900005400008052C0035FD6200080527A
S31520025590FEFFFF1700000000FD7BBDA9FD03009161
S315200255A0F35301A9F51300F9F40300AA133040F9C5
S315200255B0610640B90000009000A044F90248613813
S315200255C06110A2D2200842B940141033200802B931
S315200255D062FE4139200842B940040833200802B944
S315200255E0200842B900740812200802B9200842B9DC
S315200255F000001F32200802B9200842B900781D1285
S31520025600200802B9600640B9C2FFFF97401800364B
S315200256106110A2D2200842B900781C12200802B9D1
S3152002562062A241396010A2D2010842B941001C335C
S31520025630010802B9750640B9E003152AB5FFFF979E
S3152002564080000036600A40B9C6FFFF97A0010037E6
S31520025650E003152AB6FFFF9780000036600A40B99C
S31520025660C6FFFF97E0000037E003152AB6FFFF9733
S31520025670C0150036600A40B9BAFFFF97601500369A
S315200256806110A2D2200842B900781A12200802B963
S31520025690626240396010A2D2010842B94100193330
S315200256A0010802B9010842B921001A32010802B9D9
S315200256B0010842B921781112010802B962FA413968
S315200256C0010842B941001133010802B9000842B962
S315200256D0A00618376010A2D2000842B94006203729
S315200256E062A641396010A2D2012442B9411C00337C
S315200256F0012402B962AA4139012442B9411C183354
S31520025700012402B962AE4139012442B9411C103347
S31520025710012402B962DAC079012842B94130003344
S31520025720012802B962DEC079012C42B94130003328
S31520025730012C02B962E2C079012C42B94130103300
S31520025740012C02B962E6C079013042B941300033F8
S31520025750013002B962EAC079013442B941300033DC
S31520025760013402B962EEC079013442B941301033B4
S31520025770013402B962F2C079013842B941300033AC
S31520025780013802B962F6C079013C42B94130003390
S31520025790013C02B962FAC079013C42B94130103368
S315200257A0013C02B96010A2D2000842B9C0013837C2
S315200257B0628641396010A2D2014042B941040033C7
S315200257C0014002B9628A4139014042B9410C103383
S315200257D0014002B962CA4079014442B941200033EC
S315200257E0014402B96010A2D2000842B92002283729
S315200257F06010A2D2018842B921001032018802B972
S31520025800019442B921001032019402B9019442B99D
S3152002581021000132019402B901A042B921001032BD
S3152002582001A002B901A042B92100013201A002B9A8
S315200258306110A2D2206C42B9005C0012206C02B91F
S31520025840750A40B9E003152A46FFFF970001003684
S315200258500000009000A444F9024875386010A2D2D4
S31520025860016C42B941081C33016C02B9730A40B972
S31520025870E003132A41FFFF97000100360000009043
S3152002588000A444F9024873386010A2D2016C42B9CE
S3152002589041040033016C02B96110A2D2206C42B9D4
S315200258A000781712206C02B9200842B9000414327B
S315200258B0200802B9820A4079201042B9402C0033CE
S315200258C0201002B9800A4079820E40790000020B2C
S315200258D0221442B9022C0033221402B982024079E0
S315200258E0201842B9402C0033201802B98002407990
S315200258F0820640790000020B221C42B9022C003398
S31520025900221C02B9F35341A9F51340F9FD7BC3A822
S31520025910C0035FD66110A2D2200842B900001D3210
S31520025920200802B93FFFFF176110A2D2200842B910
S3152002593000001B32200802B956FFFF171F2003D58D
S31520025940607D022000000000587D02200000000039
S31520025950050000146010A2D2027444B941000F322D
S31520025960017404B96010A2D2007044B940FF8F3787
S31520025970C0035FD62020A2D2026448B941781F1202
S31520025980016408B9026445B941781F12016405B958
S315200259906010A2D2020048B941781E12010008B94D
S315200259A0020048B941781F12010008B9C0035FD628
S315200259B06010A2D2020042B941781F12010002B938
S315200259C06010A2D2005442B9C0FF17376110A2D28A
S315200259D0206841B9005C50D3216841B91F00216B70
S315200259E061FFFF546010A2D2027441B94100003215
S315200259F0017401B96010A2D2007841B9C0FF0736FE
S31520025A006010A2D2027441B941781F12017401B901
S31520025A1000F841B9600200376010A2D201E841B90C
S31520025A20215050D300E841B9001000123F00006B0C
S31520025A3041FFFF546010A2D202F441B94100003264
S31520025A4001F401B96010A2D200F841B9C0FF0736AD
S31520025A506010A2D202F441B941781F1201F401B9B1
S31520025A602020A2D2026448B941781D12016408B9E5
S31520025A706010A2D2020C40B941781F12010C00B963
S31520025A80C0035FD6FD7BBEA9FD030091F35301A996
S31520025A90F40300AA7310A2D2600640B900780F124E
S31520025AA0600600B9600640B900780E12600600B999
S31520025AB0600640B900780D12600600B9600640B94A
S31520025AC000780C12600600B9600640B900781C12F4
S31520025AD0600600B9600640B900781D12600600B95A
S31520025AE0600640B900781E12600600B9600640B909
S31520025AF000781F12600600B996FFFF979EFFFF9758
S31520025B00601E44B900781F12601E04B9602A44B987
S31520025B1000000032602A04B96110A2D2212C44B9B5
S31520025B20C1FF0737A3FFFF979F0200B900008052EB
S31520025B30F35341A9FD7BC2A8C0035FD6FD7BBEA954
S31520025B40FD030091F30B00F9003040F9018440B9BE
S31520025B50028040B94160012A7310A2D2610608B9B7
S31520025B60029440B9019040B9213C10532260022A86
S31520025B70018C40B94120012A008840B92000002A20
S31520025B80600A08B920228252606208B9600248B9C6
S31520025B9000001032600208B9600248B900000032E3
S31520025BA0600208B921008052800280529F0600942A
S31520025BB0600248B900001F32600208B921008052F3
S31520025BC04001805299060094A5040094F30300AA8A
S31520025BD0000080D29E0400942020A2D2E1930032BB
S31520025BE0016405B92120A2D221E446B93F1040F230
S31520025BF0A0FFFF54E00313AA95040094F30B40F987
S31520025C00FD7BC2A8C0035FD6FD7BBEA9FD03009122
S31520025C10F35301A9F30300AA6110A2D2200042B9CC
S31520025C2000000032200002B98D040094F40300AA79
S31520025C30000080D2860400942020A2D2E18B00327A
S31520025C40016408B92120A2D221E449B93F0840F2D1
S31520025C50A1FFFF54E00314AA7D040094017D805223
S31520025C60200080527106009440008052600200B9E2
S31520025C7000008052F35341A9FD7BC2A8C0035FD620
S31520025C80FD7BBCA9FD030091F35301A9F55B02A993
S31520025C90F40300AA163040F92000805201008052F7
S31520025CA00400001400181F5321040011213C001285
S31520025CB0822241395F00016B68FFFF5400040051C4
S31520025CC06110A2D2224841B9021C0033224801B9EE
S31520025CD01300805215000014757E409380CE338BBC
S31520025CE0E2E30091010840B900000090003047F934
S31520025CF0D6F2FF9700000090003447F9007875F835
S31520025D00E11F40F9010000B9E03F40B901000090CF
S31520025D10213847F9217875F800040012200000B9CD
S31520025D2073060011731E0012802241391F00136B65
S31520025D3048FDFF546010A2D2015841B9216C1C12B1
S31520025D40015801B9016041B921000032016001B94F
S31520025D50017041B921000032017001B9017441B9C3
S31520025D6021781F12017401B9D3624039B30000347D
S31520025D70F35341A9F55B42A9FD7BC4A8C0035FD6B4
S31520025D802100805200008052C28241395F00006B9E
S31520025D90A900005421181F5300040011003C0012D0
S31520025DA0FAFFFF17210400516010A2D202D041B996
S31520025DB0221C003302D001B9802241391F00136B05
S31520025DC0E9020054757E4093A00A0091C00E008B12
S31520025DD0E2E30091011040B900000090003047F93B
S31520025DE09AF2FF9700000090003C47F9007875F878
S31520025DF0E11F40F9010000B9E03F40B901000090DF
S31520025E00214047F9217875F800040012200000B9D4
S31520025E1073060011731E0012E8FFFF176010A2D24C
S31520025E2001D841B9216C1C1201D801B901E041B94E
S31520025E302100003201E001B901E441B921781F12A3
S31520025E4001E401B901F041B92100003201F001B9A2
S31520025E5001F441B921781F1201F401B9C5FFFF17D8
S31520025E60D85D202800000000187D022000000000D6
S31520025E70D87C022000000000987C0220000000004E
S31520025E80587C022000000000FD7BBDA9FD03009185
S31520025E90F35301A9F51300F9F303002AF503012AA6
S31520025EA0F40302AAE6030094015C4092007C78D3B4
S31520025EB0001C60920200B052210000AAE003132ABD
S31520025EC024030094A1121D53E003132A1503009400
S31520025ED000000090009047F9757E4093017875B8CE
S31520025EE0E003132A2903009441008052E003132A77
S31520025EF03903009421008052E003132A810300947F
S31520025F0000000090009447F9147835F8F35341A91C
S31520025F10F51340F9FD7BC3A8C0035FD61F2003D526
S31520025F20E802202800000000005F20280000000070
S31520025F30FD7BBFA9FD0300911F7C00718C000054DC
S31520025F409C030094FD7BC1A8C0035FD61B0300946B
S31520025F50FDFFFF17FD7BBEA9FD030091F30B00F9A0
S31520025F60F303002AC9FFFF97E003132AF1FFFF97E5
S31520025F70E003132ADD020094F30B40F9FD7BC2A84D
S31520025F80C0035FD6E20300AA000440F9033040F9B9
S31520025F90640C40B96110A2D2200440B980001033AB
S31520025FA0200400B9600C40B9000441D3240440B94E
S31520025FB004000F33240400B9600C40B9000842D310
S31520025FC0240440B904000E33240400B96420407925
S31520025FD0202042B9802C0033202002B9601440B917
S31520025FE04000F836C0035FD6FD7BBFA9FD030091B2
S31520025FF061484039D8FFFF97FD7BC1A8C0035FD611
S31520026000FD7BBDA9FD030091F35301A9F51300F908
S31520026010F40300AAF30301AA010400F9202C40F993
S31520026020800E00F9202840F9801200F90000009025
S3152002603000A440F9140C00F989030094F50300AA80
S31520026040000080D2820300942020A2D2E193003263
S31520026050016405B92220A2D242E446B95F1040F279
S31520026060A0FFFF54E00315AA790300947C03009451
S31520026070F50300AA000080D275030094006C81D239
S315200260802020A2F20107A052011800B9011840B936
S31520026090001840B921008052C01280526305009434
S315200260A0E00315AA6A0300946D030094F50300AA7F
S315200260B0000080D2660300942020A2D2E18B003217
S315200260C0016408B92220A2D242E449B95F0840F20B
S315200260D0A1FFFF54E00315AA5D030094E00313AA6F
S315200260E097FEFF976010A2D2010040B921781F12B5
S315200260F0010000B9010C40B921000032010C00B99F
S315200261001F0400B91F0800B9E00313AADDFEFF979A
S31520026110E00313AA21FDFF97E00314AA9AFFFF9733
S31520026120E00313AAD2FCFF9720008052800200B916
S3152002613000008052F35341A9F51340F9FD7BC3A811
S31520026140C0035FD61F2003D5C85E202800000000AA
S31520026150FD7BBBA9FD030091F35301A9F51300F9B9
S3152002616000000090000441F9020C40F96010A2D20E
S31520026170000840B9144852D3134451D3154050D382
S3152002618000048037E003152A5300003400001F3232
S315200261905400003400001E32411040F9C10000B400
S315200261A0E03B00B9400C40F9E02700F9E0E300911A
S315200261B020003FD6B40000346010A2D2020840B9B3
S315200261C041000E32010800B9B30000346010A2D299
S315200261D0020840B941000F32010800B9B500003467
S315200261E06010A2D2020840B941001032010800B95B
S315200261F0F35341A9F51340F9FD7BC5A8C0035FD629
S3152002620020008052E1FFFF17C85E20280000000010
S31520026210FD7BBEA9FD030091F35301A91300805211
S31520026220120000140E030094F40300AA000080D288
S3152002623007030094220080524220D31A413C105375
S315200262402020A2D2013405B92120A2D221B446B9F6
S315200262505F00016AA1FFFF54E00314AAFC02009426
S3152002626073060011731E00127F0A0071C9FDFF54C6
S31520026270FB020094F30300AA000080D2F4020094E9
S315200262802020A2D22100A052013805B92120A2D273
S3152002629021B846B9C1FF0737E00313AAEC020094DE
S315200262A0EF020094F30300AA000080D2E8020094D1
S315200262B02020A2D22100A052013C05B92120A2D23F
S315200262C021BC46B9C1FF0737E00313AAE0020094B6
S315200262D013008052F3020034130080527F060071AD
S315200262E088040054DE020094F40300AA000080D23F
S315200262F0D702009460761E53E20180524220C01AD1
S31520026300413C10532020A2D2015405B92120A2D209
S3152002631021D446B95F00016AA1FFFF54E00314AA03
S31520026320CB02009473060011731E0012ECFFFF17B6
S31520026330CB020094F40300AA000080D2C402009487
S315200263402020A2D26100A052014805B92120A2D262
S3152002635021C846B93F0440F2A1FFFF54E00314AA24
S31520026360BB02009473060011731E0012DAFFFF1798
S315200263701300805273030034130080523305003415
S3152002638013008052F3060034130080527F0E0071F0
S3152002639088080054B2020094F40300AA000080D2B6
S315200263A0AB020094607A1F53620080524220C01AC8
S315200263B0413C10532020A2D2017005B92120A2D23D
S315200263C021F046B95F00016AA1FFFF54E00314AA37
S315200263D09F02009473060011731E0012ECFFFF1732
S315200263E09F020094F40300AA000080D2980200942F
S315200263F02020A2D26100A052015C05B92120A2D29E
S3152002640021DC46B93F0440F2A1FFFF54E00314AA5F
S315200264108F02009473060011731E0012D6FFFF1717
S315200264208F020094F40300AA000080D2880200940E
S315200264302020A2D2E103A052016405B92120A2D2D2
S3152002644021E446B93F1040F2A1FFFF54E00314AA0B
S315200264507F02009473060011731E0012C8FFFF17F5
S315200264607F020094F40300AA000080D278020094EE
S315200264702020A2D26100A052016C05B92120A2D20D
S3152002648021EC46B93F0440F2A1FFFF54E00314AACF
S315200264906F02009473060011731E0012BAFFFF17D3
S315200264A06F020094F30300AA000080D268020094CF
S315200264B02020A2D2A100A052017805B92120A2D281
S315200264C022F846B9A10080525F00016A81FFFF547B
S315200264D0E00313AA5E02009461020094F30300AA69
S315200264E0000080D25A0200942020A2D24100A0525B
S315200264F0017805B92120A2D221F846B9C1FF0F376A
S31520026500E00313AA5202009455020094F30300AA50
S31520026510000080D24E0200942020A2D20101A05275
S31520026520017805B92120A2D221F846B9C1FF1F3729
S31520026530E00313AA46020094130080527F060071DC
S315200265406802005446020094F40300AA000080D296
S315200265503F020094220080524220D31A413C10531B
S315200265602020A2D2017C05B92120A2D221FC46B943
S315200265705F00016AA1FFFF54E00314AA34020094CB
S3152002658073060011731E0012EDFFFF1713008052CF
S315200265907F0E00716802005431020094F40300AAAF
S315200265A0000080D22A020094220080524220D31A6E
S315200265B0413C10532020A2D2018005B92120A2D22B
S315200265C0210047B95F00016AA1FFFF54E00314AA24
S315200265D01F02009473060011731E0012EDFFFF17AF
S315200265E013008052120000141D020094F40300AA24
S315200265F0000080D216020094220080524220D31A32
S31520026600413C10532020A2D2018405B92120A2D2D6
S31520026610210447B95F00016AA1FFFF54E00314AACF
S315200266200B02009473060011731E00127F12007172
S31520026630C9FDFF54130080527F0600716802005480
S3152002664007020094F40300AA000080D200020094FC
S31520026650220080524220D31A413C10532020A2D23B
S31520026660018805B92120A2D2210847B95F00016A13
S31520026670A1FFFF54E00314AAF5010094730600114A
S31520026680731E0012EDFFFF171300805273000034B1
S315200266901300805221000014F1010094F40300AA91
S315200266A0000080D2EA0100942020A2D22100A0522A
S315200266B0018C05B92120A2D2210C47B9C1FF073787
S315200266C0E00314AAE201009473060011731E00125D
S315200266D0EFFFFF17E2010094F40300AA000080D224
S315200266E0DB010094220080524220D31A413C1053EF
S315200266F02020A2D2019005B92120A2D2211047B989
S315200267005F00016AA1FFFF54E00314AAD00100949E
S3152002671073060011731E00127F0A0071C9FDFF5411
S31520026720CF010094F30300AA000080D2C80100948E
S315200267302020A2D22100A052019405B92120A2D262
S31520026740211447B9C1FF0737E00313AAC0010094F9
S31520026750C3010094F30300AA000080D2BC01009476
S315200267602020A2D26100A05201A805B92120A2D2DE
S31520026770212847B93F0440F2A1FFFF54E00313AAA0
S31520026780B30100941300805293000034F35341A9BD
S31520026790FD7BC2A8C0035FD6B1010094F40300AA10
S315200267A0000080D2AA0100942020A2D22100A05269
S315200267B001AC05B92120A2D2212C47B9C1FF073746
S315200267C0E00314AAA201009473060011731E00129C
S315200267D0EEFFFF17000000000000009000FC43F9C6
S315200267E0010040B900000090000044F9010000B900
S315200267F0C0035FD61F2003D5E80A20280000000028
S31520026800006F202800000000FD7BBFA9FD03009138
S3152002681000000090006444F9014099524173A77226
S31520026820010000B902409852627DA172020400B9A9
S3152002683001DC8552010800B9020C00B901209C52E4
S31520026840A1BEA072011000B9021400B9011800B944
S3152002685003E89D5283F8A372031C00B9032000B9F2
S31520026860022400B903F48E5243FCA172032800B914
S3152002687003F082528396A572032C00B903509652D6
S31520026880C3DCA172033000B9038096528398A072AA
S31520026890033400B9013800B9013C00B9024000B9FD
S315200268A0014400B901809052E1FAA272014800B96E
S315200268B001C08652C12DA072014C00B9C7FFFF97B5
S315200268C0FD7BC1A8C0035FD6E80A2028000000008D
S315200268D0FD7BBFA9FD030091CCFFFF974DFEFF97DD
S315200268E02020A2D2008042B9C0FF07372020A2D2A0
S315200268F02100A052010002B92020A2D2008042B972
S31520026900C0FF07372020A2D2008042B9C0FFE73756
S315200269102020A2D2E1830032011802B92020A2D27D
S31520026920008042B9C0FFE7372020A2D2008042B9B8
S31520026930C0FFEF372020A2D2E1830C32011802B920
S315200269402020A2D2008042B9C0FFEF372020A2D257
S31520026950008042B9C0FF27372020A2D22100A052B0
S31520026960010402B92020A2D2008042B9C0FF2737F3
S315200269702020A2D2008042B9C0FF4F372020A2D2C7
S315200269800102A052010802B92020A2D2008042B9F7
S31520026990C0FF4F372020A2D2008042B9C0FF47371E
S315200269A02020A2D22100A052010802B92020A2D280
S315200269B0008042B9C0FF47372020A2D2000C42B93C
S315200269C0400100342020A2D2008042B9C0FF5F37A6
S315200269D02020A2D22100A052010C02B92020A2D24C
S315200269E0008042B9C0FF5F372020A2D22100805208
S315200269F02120A072012004B92100A052011804B955
S31520026A00FD7BC1A8C0035FD601000090210C45F989
S31520026A10205860B8C0035FD6E80A2028000000008C
S31520026A20000020D4000000147F0400B1A00000540E
S31520026A30040040B98300230A2120C21A6100012AD8
S31520026A40010000B9C0035FD6000040B95F0400B15F
S31520026A50600000540000020A0024C19AC0035FD6D7
S31520026A60FD7BBFA9FD0300910300809202008052A4
S31520026A70E103002A0032A2D2ECFFFF97FD7BC1A8D8
S31520026A80C0035FD6FD7BBFA9FD0300910200809261
S31520026A90010080520032A2D2ECFFFF97FD7BC1A8F3
S31520026AA0C0035FD6FD7BBEA9FD030091F30B00F95F
S31520026AB0F303002AF4FFFF97730A00120000132A39
S31520026AC0E8FFFF97F30B40F9FD7BC2A8C0035FD610
S31520026AD0FD7BBFA9FD03009100041C12E1FFFF9775
S31520026AE0FD7BC1A8C0035FD6210080522120C01A97
S31520026AF0007C0553022080D20232A2F2417820B8CD
S31520026B00C0035FD6210080522120C01A007C055383
S31520026B10023080D20232A2F2417820B8C0035FD678
S31520026B20FD7BBFA9FD03009102041D5300747E92D2
S31520026B30E31F80526320C21A048080D20432A2F25A
S31520026B400000048BB9FFFF97FD7BC1A8C0035FD667
S31520026B501F7C007189010054E203022A410001AA26
S31520026B600080005102781F5300781F5303208CD2D5
S31520026B700332A2F2617820B821FC60D340040011CE
S31520026B80617820B8C0035FD6FD7BBFA9FD030091C3
S31520026B90020C1F53007C0453630080D26320C21A66
S31520026BA0048081D20432A2F28008008B9FFFFF97D5
S31520026BB0FD7BC1A8C0035FD6210080522120C01AC6
S31520026BC0007C0553025080D20232A2F2417820B8CC
S31520026BD0C0035FD6FD7BBCA9FD030091F35301A937
S31520026BE0F55B02A9F71B00F9370441D316100012F0
S31520026BF0007C055313F47ED3350080D2B522D61AF3
S31520026C00141080D21432A2F2E30315AAE203162A42
S31520026C10210000126002148B84FFFF9780023291BA
S31520026C20E30315AAE203162AE103172A6002008B60
S31520026C307EFFFF97F35341A9F55B42A9F71B40F963
S31520026C40FD7BC4A8C0035FD6FD7BBDA9FD030091D1
S31520026C50F35301A9F51300F935044193147C7ED32D
S31520026C60131080D21332A2F20300809202008052C5
S31520026C70210040938002138B6CFFFF9760023291B2
S31520026C800300809202008052E103152A8002008BC3
S31520026C9066FFFF97F35341A9F51340F9FD7BC3A87D
S31520026CA0C0035FD6FD7BBDA9FD030091F35301A965
S31520026CB0F51300F9F503002AE20380D2010080527F
S31520026CC0800080D20032A2F260FFFF97F403002AEE
S31520026CD01300805205000014E103152AE003132A4B
S31520026CE0DAFFFF97730600117F02146B69FFFF54C8
S31520026CF0F35341A9F51340F9FD7BC3A8C0035FD620
S31520026D001F7C007149020054FD7BBFA9FD0300913F
S31520026D10A10100374100805203800051020C1F530B
S31520026D20607C0453630080D26320C21A04019CD281
S31520026D300432A2F28008008B3CFFFF97FD7BC1A89C
S31520026D40C0035FD621008052F4FFFF17C0035FD62F
S31520026D50FD7BBEA9FD030091F30B00F9930480D2BB
S31520026D609332A2F2030080920200805241008052A6
S31520026D70E00313AA2DFFFF97430080D22200805200
S31520026D8001008052604200D128FFFF97820080D204
S31520026D9041008052800280D28032A2F22BFFFF97DE
S31520026DA060FFFF35F30B40F9FD7BC2A8C0035FD617
S31520026DB0210080522120C01A005080D2A032A2F295
S31520026DC0010000B9C0035FD6FD7BBEA9FD03009179
S31520026DD0F35301A914044193131080D2B332A2F2C1
S31520026DE0030080920200805201004093E00313AA1E
S31520026DF00EFFFF970300809202008052E103142ABD
S31520026E006002329109FFFF97F35341A9FD7BC2A885
S31520026E10C0035FD6FD7BBFA9FD03009103008092CC
S31520026E2002008052E103002A000580D28032A2F2BB
S31520026E30FEFEFF97FD7BC1A8C0035FD6000180D26C
S31520026E408032A2F2000440B9C0035FD6001C4092F1
S31520026E50004618D5DF3F03D5C0035FD6004638D596
S31520026E60DF3F03D5001C4092C0035FD6005C4092F0
S31520026E7020C818D5DF3F03D5C0035FD6005C4092F9
S31520026E8020CC18D5DF3F03D5C0035FD600C838D53E
S31520026E90005C0012C0035FD600CC38D5005C00121D
S31520026EA0C0035FD600000000FD7BBFA9FD03009151
S31520026EB02E010094E2FFFF9701000090217C47F902
S31520026EC0200000B900000090008047F91F0000B999
S31520026ED0001F80D2DEFFFF97E0008052F2FEFF976E
S31520026EE02001009420008052CBFFFF97FD7BC1A892
S31520026EF0C0035FD61F2003D5F45E202800000000C1
S31520026F00F85E202800000000FD7BBEA9FD0300914B
S31520026F10F30B00F9E1FFFF97F303002A1FFC077129
S31520026F20C80000540000009000A847F9015873F8E1
S31520026F30E003132A20003FD6E003132AD0FFFF974F
S31520026F40F30B40F9FD7BC2A8C0035FD61F2003D5F1
S31520026F50400B202800000000FD7BBDA9FD03009107
S31520026F60F35301A9F55B02A9C9FFFF97F303002A90
S31520026F70150080D2757E40B300F00F511F0C0071B0
S31520026F8028010054C5FFFF97F403002A957E60B3BB
S31520026F9000F00F511F0C0071090200543600805276
S31520026FA003000014F403132A16008052EB00009407
S31520026FB09FFE0771C80000540000009000FC47F9AC
S31520026FC0015874F8E003142A20003FD6F600003553
S31520026FD0E003132AA6FFFF97F35341A9F55B42A9C3
S31520026FE0FD7BC3A8C0035FD6A0FE60D3A4FFFF9794
S31520026FF0FAFFFF171F2003D5400B202800000000B0
S3152002700000103ED5000074B200101ED5DF3F03D516
S31520027010C0035FD600103ED500007EB200101ED5FA
S31520027020DF3F03D5C0035FD600103ED500F873922A
S3152002703000101ED5DF3F03D5C0035FD600103ED514
S3152002704000F87D9200101ED5DF3F03D5C0035FD620
S31520027050BF3B03D5200039D503080812637C17539A
S31520027060030400340A0080522800805242054A0B4B
S315200270700124C21A210800123F0800718B02005413
S315200270800A001AD5DF3F03D5010039D5220800129E
S3152002709042100011243003538510C05A8920C51A84
S315200270A01021C51A276C0D53E720C21A1121C21AC4
S315200270B04B01092A6B01072A4B7A08D5E700116B87
S315200270C08AFFFF54290110EBEAFEFF544A090011F8
S315200270D07F000A6BCCFCFF549F3F03D5DF3F03D5CD
S315200270E0C0035FD6BF3B03D5200039D5030808125B
S315200270F0637C1753030400340A008052280080520E
S3152002710042054A0B0124C21A210800123F080071C7
S315200271108B0200540A001AD5DF3F03D5010039D568
S315200271202208001242100011243003538510C05A3F
S315200271308920C51A1021C51A276C0D53E720C21AB9
S315200271401121C21A4B01092A6B01072A4B7E08D547
S31520027150E700116B8AFFFF54290110EBEAFEFF5468
S315200271604A0900117F000A6BCCFCFF549F3F03D5CE
S31520027170DF3F03D5C0035FD6BF3B03D5200039D5F9
S3152002718003080812637C1753030400340A00805252
S315200271902800805242054A0B0124C21A21080012F5
S315200271A03F0800718B0200540A001AD5DF3F03D52F
S315200271B0010039D52208001242100011243003534F
S315200271C08510C05A8920C51A1021C51A276C0D535D
S315200271D0E720C21A1121C21A4B01092A6B01072A7A
S315200271E04B7608D5E700116B8AFFFF54290110EB75
S315200271F0EAFEFF544A0900117F000A6BCCFCFF54B9
S315200272009F3F03D5DF3F03D5C0035FD62100008B06
S3152002721022003BD5444C50D3830080D26320C49AAB
S31520027220640400D10400248A247A0BD58400038BBB
S315200272309F0001EBABFFFF549F3B03D5420C4092CC
S31520027240830080D26320C29A640400D10400248A77
S3152002725024750BD58400038B9F0001EBABFFFF54F3
S315200272609F3B03D5DF3F03D5C0035FD62100008BAA
S3152002727022003BD5444C50D3830080D26320C49A4B
S31520027280640400D10400248A247608D58400038B62
S315200272909F0001EBABFFFF549F3B03D5420C40926C
S315200272A0830080D26320C29A640400D10400248A17
S315200272B024750BD58400038B9F0001EBABFFFF5493
S315200272C09F3B03D5DF3F03D5C0035FD62100008B4A
S315200272D022003BD5444C50D3830080D26320C49AEB
S315200272E0640400D10400248A247E0BD58400038BF7
S315200272F09F0001EBABFFFF549F3B03D5420C40920C
S31520027300830080D26320C29A640400D10400248AB6
S3152002731024750BD58400038B9F0001EBABFFFF5432
S315200273209F3B03D5DF3F03D5C0035FD6A1F338D5F4
S315200273301F0000F160000054210C7CB202000014F0
S3152002734021EC7892A1F318D5DF3F03D5C0035FD68F
S31520027350000020D4C0035FD6FF4103D5C0035FD609
S31520027360FF4F03D5C0035FD6FE8F1FF8000080D2E1
S3152002737000007DB200007EB200007FB2000040B263
S31520027380A0CC1ED5DF3F03D5000080D2000040B23C
S31520027390A0CC18D5600080D260C818D560CC18D58C
S315200273A0000680D2CBFDFF976AFEFF97200080520F
S315200273B086FEFF97E01F80D2004618D52000805215
S315200273C039FEFF97600080D2E0CC1ED5FE8740F8BA
S315200273D0C0035FD600203ED5C0035FD601201ED54E
S315200273E0C0035FD600000000FD7BBEA9FD0300910D
S315200273F0F35301A900008052F6ECFF9735FDFF9763
S3152002740020008052F3ECFF9700000090143842F9D6
S3152002741000000090003C42F9940200CB948A43D3A8
S31520027420130080520600001400000090003C42F92E
S3152002743000D873F800003FD6730600117F02146B42
S315200274404BFFFF54E5FCFF9740008052E1ECFF978B
S3152002745096FEFF97000080D20B000094E9FEFF976C
S31520027460EDFEFF97F35341A9FD7BC2A8C0035FD669
S31520027470807D022000000000707D022000000000B6
S31520027480C0035FD6C0035FD60000000000000000E4
S31520027490E10300AA030080D2020080D200008052BB
S315200274A02000001400000000000000000000000080
S315200274B0FD7BBEA9FD030091F35301A9D30E04D08F
S315200274C073A645F9D40E04D094B645F9730214CBAB
S315200274D073FE4393B30000B4730600D1807A73F827
S315200274E000003FD6B3FFFFB5F35341A9FD7BC2A8E7
S315200274F02C02001400000000000000000000000022
S31520027500C0035FD60000000000000000000000005B
S31520027510C0035FD60000000000000000000000004B
S31520027520FD7BBCA9FD030091F71B00F9D70E04B021
S31520027530F35301A9F303002AF40301AAE09E45F9B5
S31520027540F55B02A9F60302AAF50303AAEDFFFF974C
S31520027550000F0490051441F9250400B4A40840B98B
S31520027560E09E45F99F7C00714C040054817C409337
S31520027570930100352108009184040011A40800B962
S31520027580B47821F8E3FFFF9700008052F35341A914
S31520027590F55B42A9F71B40F9FD7BC4A8C0035FD661
S315200275A0A2CC248B230080526320C41A817C409370
S315200275B0568800F9A61043B9C600032AA61003B9B5
S315200275C0550801F97F0A007161FDFF54A21443B9DF
S315200275D04200032AA21403B9E7FFFF17E10E04F0C3
S315200275E021403C91E50301AA011401F9DCFFFF17B2
S315200275F0C8FFFF9700008012E5FFFF17000000007A
S31520027600C00E04D000B845F9800000B400000090F6
S3152002761000C012919FFFFF17C0035FD60000000033
S31520027620080000141F2003D5F0FFEF9010E22391EB
S3152002763000021FD60000000000000000000000002B
S3152002764066616C7365000000000000000000000007
S31520027650766F69642053657269616C5F66696C6CCA
S315200276605F53657269616C5F6275666628290000E0
S315200276702E2E2F7372632F53657269616C436F6D61
S315200276807061746962696C6974792E680000000001
S31520027690657272203D3D204653505F535543434504
S315200276A053530000000000006673705F6572725FBC
S315200276B0742053657269616C5F756172745F707252
S315200276C0696E742875696E74385F742A2C20756900
S315200276D06E7431365F742900766F69642053657241
S315200276E069616C5F756172745F696E697428756908
S315200276F06E7433325F742A290000000000000000F5
S315200277004653505F53554343455353203D3D2065D1
S3152002771072720000000000000A0000000000000053
S3152002772030000000000000002D00000000000000D4
S31520027730202A2A2043525520494E4954204641495F
S315200277404C4544202A2A200D0A0000000000000091
S31520027750202A2A204352552053544152542046412E
S31520027760494C4544202A2A200D0A00000000000028
S3152002777050696E67203A4420000000000000000095
S3152002778020000000000000000A0A0000000000009D
S3152002779000000000000000000000000000000000C1
S315200277A0000020000000000040070000000000004A
S315200277B00000200000000000000020000000000061
S315200277C00000E00F000000000000000000000000A2
S315200277D00000001000000000000000100000000061
S315200277E00000001000000000440700000000000016
S315200277F00000002000000000000000200000000021
S3152002780000000010000000004007000000000000F9
S3152002781000000030000000000000002000000000F0
S3152002782000000010000000004807000000000000D1
S3152002783000000040000000000000004000000000A0
S315200278400000004000000000400700000000000089
S315200278500000008000000000000000400000000040
S315200278600000004000000000480700000000000061
S31520027870000000C000000000000000C00000000060
S315200278800000004000000000000000000000000090
S31520027890FFFFFFFF00000000FFFFFFFF00000000C8
S315200278A0FFFFFFFF00000000FFFFFFFF00000000B8
S315200278B0D05D202800000000C05D202800000000C6
S315200278C0A85D202800000000000000000000000043
S315200278D0000000000200000000000000000000007E
S315200278E0180000009E010000180000009F01000001
S315200278F018000000A0010000180000009C010000F2
S31520027900000000000000000000000000000000004F
S315200279106821022000000000000000000000000094
S315200279202879022000000000180000009D010000B6
S315200279300000000000000000E002202800000000F5
S315200279400300000006000000000000000000000006
S315200279500000000000000000FFFF00000000000001
S3152002796000000000801A0600360000000100000018
S315200279700C0000007C0100007D0100007E01000059
S3152002798000000000000000000000000000000000CF
S315200279900000000000000000C02B022000000000B2
S315200279A00000000000000000B07902200000000064
S315200279B00100000001000000021A19017F010000E7
S315200279C08101000080010000820100008301000085
S315200279D0A05E202800000000E879022000000000B6
S315200279E0307C022000000000000000050000D002CA
S315200279F00074E538000000000054C9380000000079
S31520027A000034AD3800000000001491380000000058
S31520027A1000F474380000000000D45838000000003A
S31520027A2000B43C380000000000942038000000001A
S31520027A300800000000000000581F0220000000007D
S31520027A400000000000000000507A02200000000022
S31520027A5002000000060000000200000002000000F2
S31520027A6000001800C700000001000000000000000E
S31520027A7000000000000000000000000000000000DE
S31520027A8000000000000000000000000000000000CE
S31520027A9000000000000000000000000000000000BE
S31520027AA000000000000000000000000000000000AE
S31520027AB00000000000000000010000000004000099
S31520027AC00000000000040000000000000004000383
S31520027AD0B937010004000000120000000B0000006C
S31520027AE00A000000090000001F000000000000003C
S31520027AF0007B022000000000B07802200000000077
S31520027B000004030100000000000403010206000035
S31520027B100004030603060000000403060406000010
S31520027B200C000000000700000C0000000107000006
S31520027B300000010300080000000001030108000004
S31520027B4000000103010A000000000103020A0000EE
S31520027B5000000103030A000000000103040A0000DA
S31520027B600C080200000D00000C080200010D0000A6
S31520027B700C0802000010000000040301001100009E
S31520027B800004030101110000000403010211000098
S31520027B90000403010311000000000400010EFFFF90
S31520027BA000000400000EFFFF00000400030EFFFF8A
S31520027BB000000400020EFFFF000800000006FFFF7F
S31520027BC0000804000106FFFF000804000007FFFF6B
S31520027BD0000804000107FFFF000804000207FFFF58
S31520027BE0000804000307FFFF000400000003FFFF54
S31520027BF0000400000002FFFF1E020406080A0C0E03
S31520027C0010121416181A1C0008001000200040003A
S31520027C1080000001000200040008000000000000AD
S31520027C20030100050409080D0C00000000000000F5
S31520027C300060022000000000845A0220000000009A
S31520027C40085C0220000000002054022000000000F0
S31520027C50405402200000000094018310000000001E
S31520027C609C01831000000000A40183100000000084
S31520027C70AC01831000000000B40183100000000054
S31520027C80BC01831000000000C40183100000000024
S31520027C90CC01831000000000900183100000000038
S31520027CA09801831000000000A0018310000000004C
S31520027CB0A801831000000000B0018310000000001C
S31520027CC0B801831000000000C001831000000000EC
S31520027CD0C801831000000000040183100000000088
S31520027CE00C01831000000000140183100000000024
S31520027CF01C018310000000002401831000000000F4
S31520027D002C018310000000003401831000000000C3
S31520027D103C018310000000000001831000000000D7
S31520027D2008018310000000001001831000000000EB
S31520027D3018018310000000002001831000000000BB
S31520027D40280183100000000030018310000000008B
S31520027D50380183100000000004050001000103021F
S31520027D6018191E1F22242A2B2C2D00000000000089
S31520027D700076022000000000201F022000000000E2
S31520027D80D01E022000000000FD7BBFA9FB73BFA905
S31520027D90F96BBFA9F763BFA9F55BBFA9F353BFA9C7
S31520027DA0FD7BBFA9FB73BFA9F96BBFA9F763BFA967
S31520027DB0F55BBFA9F353BFA9000000000000000035
S31520027DC00100000000000000000100003530110013
S31520027DD0363069003C301100213807002038410036
S31520027DE00C370F00123659001836000000500600D4
S31520027DF00250400003500800005A08000030FF00DD
S31520027E000130FF000230FF001D30F000183A00005A
S31520027E10193AF800013C8000073B0C000C38070099
S31520027E200D3868000E3803000F38D8001438310098
S31520027E301538310008376400093752000838050022
S31520027E40093800000A3803000B38C0000038000049
S31520027E50013818000238000003380E0004380A00E0
S31520027E6005382700063807000738950030362E00D9
S31520027E703236E2003336230034364400203664009C
S31520027E802136E000003637000437A00003375A00B7
S31520027E901537780017370100313702000B3760009B
S31520027EA005371A00053F0200063F1000013F0A006F
S31520027EB0083A0100093A27000A3A00000B3AF6006E
S31520027EC00D3A04000E3A03000F3A5800103A5000B9
S31520027ED01B3A58001E3A5000113A60001F3A2800F9
S31520027EE001400200044002000040090050406E009A
S31520027EF051408F00374817000335030001354400EF
S31520027F00023580000A3500000B357F000150010042
S31520027F10025041008051080086510400875100001A
S31520027F2088510400895100008A5104008B510000B7
S31520027F30005086000058110001580A000258090014
S31520027F400358090004580A0005580F00065807006E
S31520027F500758050008580300095803000A58050067
S31520027F600B5807000C5805000D5802000E58000049
S31520027F700F5800001058020011580500125805002B
S31520027F801358020014580000155800001658010014
S31520027F901758050018580800195805001A580300E2
S31520027FA01B5803001C5804001D5807001E581000B9
S31520027FB01F580B0020580900215809002258090091
S31520027FC023580E002458280025581A0026581A002D
S31520027FD027581A002858460029582A002A582600C7
S31520027FE02B5844002C5826002D582A002E5828009B
S31520027FF02F5842003058400031584200325828004B
S3152002800033580A003458160035584400365826008C
S3152002801037582A003858280039580A003A580A0090
S315200280203B580A003C5826003D58BE00000101007C
S315200280300030000001300000023000001730E0005E
S315200280401C30FC0036360600163008002738EC00B5
S3152002805018304400353021000631F500343018003E
S315200280601C30F800000100002038410021380700AA
S3152002807012365900183600000C3809000D38E8006F
S315200280800E3804000F3850001438310015383100EC
S315200280900937520008380500093800000A3802005C
S315200280A00B38D00001381800023800000338F800D7
S315200280B004380A0005382700063806000738A700C4
S315200280C0093ABE000A3A01000B3A74000D3A020040
S315200280D00E3A01000440020005401800000101008A
S315200280E0043500000000000000000000000000002F
S315200280F00000000000000000000000000000000058
S315200281000000000000000000000000000000000047
S315200281100000000000000000000000000000000037
S315200281200000000000000000000000000000000027
S315200281300000000000000000000000000000000017
S315200281400000000000000000000000000000000007
S3152002815000000000000000000000000000000000F7
S3152002816000000000000000000000000000000000E7
S3152002817000000000000000000000000000000000D7
S3152002818000000000000000000000000000000000C7
S3152002819000000000000000000000000000000000B7
S315200281A000000000000000000000000000000000A7
S315200281B00000000000000000000000000000000097
S315200281C00000000000000000000000000200000085
S315200281D00000000000000000000000000000000077
S315200281E00000000000000000000000000000000067
S315200281F0020000000200000002000000020000004F
S315200282000200000002000000000000000000000042
S315200282100000000000000000000000000000000036
S315200282200200000002000000020000000000000020
S315200282300000000000000000000000000000000016
S315200282400000000000000000000000000000000006
S3152002825000000000000000000000000000000000F6
S3152002826000000000000000000000000000000000E6
S3152002827000000000000000000000000000000000D6
S3152002828000000000000000000000000000000000C6
S3152002829000000000000000000000000000000000B6
S315200282A000000000000000000000000000000000A6
S315200282B00000000000000000000000000000000096
S315200282C00000000000000000000000000000000086
S315200282D00000000000000000000000000000000076
S315200282E00000000000000000000000000000000066
S315200282F00000000000000000020000000000000054
S315200283000000000000000000000000000000000045
S315200283100000000000000000020000000200000031
S31520028320020000000200000002000000020000001D
S31520028330020000000200000002000000020000000D
S3152002834002000000020000000200000002000000FD
S3152002835002000000020000000200000002000000ED
S3152002836002000000020000000200000002000000DD
S3152002837002000000020000000200000002000000CD
S3152002838002000000020000000200000002000000BD
S3152002839002000000020000000200000002000000AD
S315200283A000000000000000000000000000000000A5
S315200283B00000000000000000000000000000000095
S315200283C00000000000000000000000000000000085
S315200283D00000000000000000000000000000000075
S315200283E00000000000000000000000000000000065
S315200283F00000000000000000000000000000000055
S315200284000000000000000000000000000000000044
S31520028410020000000200000002000000020000002C
S31520028420020000000200000002000000020000001C
S31520028430020000000200000002000000020000000C
S3152002844002000000020000000200000002000000FC
S3152002845002000000020000000200000002000000EC
S3152002846002000000020000000200000002000000DC
S3152002847002000000020000000200000002000000CC
S3152002848002000000020000000200000002000000BC
S3152002849002000000020000000200000002000000AC
S315200284A0020000000200000002000000020000009C
S315200284B0020000000200000002000000020000008C
S315200284C00000000000000000000000000000000084
S315200284D00000000000000000000000000000000074
S315200284E00000000000000000000000000000000064
S315200284F00000000000000000000000000000000054
S315200285000000000000000000000000000000000043
S315200285100000000000000000000000000000000033
S315200285200000000000000000000000000000000023
S315200285300000000000000000000000000000000013
S315200285400000000000000000000000000000000003
S3152002855000000000000000000000000000000000F3
S3152002856000000000000000000000000000000000E3
S3152002857000000000000000000000000000000000D3
S3152002858000000000000000000000000000000000C3
S3152002859000000000000000000000000000000000B3
S315200285A000000000000000000000000000000000A3
S315200285B00000000000000000000000000000000093
S315200285C00000000000000000000000000000000083
S315200285D00000000000000000000000000000000073
S315200285E00000000000000000000000000000000063
S315200285F00000000000000000000000000000000053
S315200286000000000000000000000000000000000042
S315200286100000000000000000000000000000000032
S315200286200000000000000000000000000000000022
S315200286300000000000000000000000000000000012
S315200286400000000000000000000000000000000002
S3152002865000000000000000000000000000000000F2
S3152002866000000000000000000000000000000000E2
S3152002867000000000000000000000000000000000D2
S3152002868000000000020000000200000000000000BE
S3152002869000000000020000000200000000000000AE
S315200286A000000000000000000000000002000000A0
S315200286B0000000000200000002000000000000008E
S315200286C0020000000200000000000000000000007E
S315200286D0000000000200000002000000020000006C
S315200286E00000000000000000000000000000000062
S315200286F0000000000000000002000000020000004E
S315200287000000000000000000000000000000000041
S31520028710000000000000000002000000020000002D
S315200287200000000000000000000000000000000021
S31520028730000000000000000002000000020000000D
S315200287400000000000000000000000000000000001
S3152002875000000000000000000000000000000000F1
S3152002876000000000000000000000000000000000E1
S3152002877000000000000000000000000000000000D1
S3152002878000000000000000000000000000000000C1
S3152002879000000000000000000000000000000000B1
S315200287A000000000000000000000000000000000A1
S315200287B00000000000000000000000000000000091
S315200287C0020000000200000000000000000000007D
S315200287D0020000000200000000000000000000006D
S315200287E00000000000000000000000000000000061
S315200287F00000000000000000000000000000000051
S315200288000000000000000000000000000000000040
S315200288100000000000000000000000000000000030
S315200288200200000002000000020000000200000018
S315200288300200000002000000020000000200000008
S3152002884002000000020000000000000000000000FC
S3152002885000000000000000000000000000000000F0
S3152002886000000000000000000000000000000000E0
S3152002887000000000000000000000000000000000D0
S3152002888000000000000000000000000000000000C0
S3152002889000000000000000000000000000000000B0
S315200288A000000000000000000000000000000000A0
S315200288B00000000000000000000000000000000090
S315200288C00000000000000000000000000000000080
S315200288D00000000000000000000000000000000070
S315200288E0000000000000000000CA9A3B00C2EB0B09
S315200288F0E02E000000C2EB0B00E1F50500C2EB0BF7
S3152002890000E1F50540EFC41F40EFC41F00C2EB0B88
S31520028910A077E20F8017B42C80B2E60E00B4C4040E
S3152002892000E1F50500E1F50500C2EB0B00E1F505D6
S315200289300084D71700366E01086F20280000000039
S315200289405073022000000000507302200000000035
S315200289505073022000000000507302200000000025
S315200289605073022000000000507302200000000015
S315200289705073022000000000507302200000000005
S3152002898050730220000000005073022000000000F5
S3152002899050730220000000005073022000000000E5
S315200289A050730220000000005073022000000000D5
S315200289B050730220000000005073022000000000C5
S315200289C050730220000000005073022000000000B5
S315200289D050730220000000005073022000000000A5
S315200289E05073022000000000507302200000000095
S315200289F05073022000000000507302200000000085
S31520028A005073022000000000507302200000000074
S31520028A105073022000000000507302200000000064
S31520028A205073022000000000507302200000000054
S31520028A305073022000000000507302200000000044
S31520028A405073022000000000507302200000000034
S31520028A505073022000000000507302200000000024
S31520028A605073022000000000507302200000000014
S31520028A705073022000000000507302200000000004
S31520028A8050730220000000005073022000000000F4
S31520028A9050730220000000005073022000000000E4
S31520028AA050730220000000005073022000000000D4
S31520028AB050730220000000005073022000000000C4
S31520028AC050730220000000005073022000000000B4
S31520028AD050730220000000005073022000000000A4
S31520028AE05073022000000000507302200000000094
S31520028AF05073022000000000507302200000000084
S31520028B005073022000000000507302200000000073
S31520028B105073022000000000507302200000000063
S31520028B205073022000000000507302200000000053
S31520028B305073022000000000507302200000000043
S31520028B405073022000000000507302200000000033
S31520028B505073022000000000507302200000000023
S31520028B605073022000000000507302200000000013
S31520028B705073022000000000507302200000000003
S31520028B8050730220000000005073022000000000F3
S31520028B9050730220000000005073022000000000E3
S31520028BA050730220000000005073022000000000D3
S31520028BB050730220000000005073022000000000C3
S31520028BC050730220000000005073022000000000B3
S31520028BD050730220000000005073022000000000A3
S31520028BE05073022000000000507302200000000093
S31520028BF05073022000000000507302200000000083
S31520028C005073022000000000507302200000000072
S31520028C105073022000000000507302200000000062
S31520028C205073022000000000507302200000000052
S31520028C305073022000000000507302200000000042
S31520028C405073022000000000507302200000000032
S31520028C505073022000000000507302200000000022
S31520028C605073022000000000507302200000000012
S31520028C705073022000000000507302200000000002
S31520028C8050730220000000005073022000000000F2
S31520028C9050730220000000005073022000000000E2
S31520028CA050730220000000005073022000000000D2
S31520028CB050730220000000005073022000000000C2
S31520028CC050730220000000005073022000000000B2
S31520028CD050730220000000005073022000000000A2
S31520028CE05073022000000000507302200000000092
S31520028CF05073022000000000507302200000000082
S31520028D005073022000000000507302200000000071
S31520028D105073022000000000507302200000000061
S31520028D205073022000000000507302200000000051
S31520028D305073022000000000507302200000000041
S31520028D405073022000000000507302200000000031
S31520028D505073022000000000507302200000000021
S31520028D605073022000000000507302200000000011
S31520028D705073022000000000507302200000000001
S31520028D8050730220000000005073022000000000F1
S31520028D9050730220000000005073022000000000E1
S31520028DA050730220000000005073022000000000D1
S31520028DB050730220000000005073022000000000C1
S31520028DC050730220000000005073022000000000B1
S31520028DD050730220000000005073022000000000A1
S31520028DE05073022000000000507302200000000091
S31520028DF05073022000000000507302200000000081
S31520028E005073022000000000507302200000000070
S31520028E105073022000000000507302200000000060
S31520028E205073022000000000507302200000000050
S31520028E305073022000000000507302200000000040
S31520028E405073022000000000507302200000000030
S31520028E505073022000000000507302200000000020
S31520028E605073022000000000507302200000000010
S31520028E705073022000000000507302200000000000
S31520028E8050730220000000005073022000000000F0
S31520028E9050730220000000005073022000000000E0
S31520028EA050730220000000005073022000000000D0
S31520028EB050730220000000005073022000000000C0
S31520028EC050730220000000005073022000000000B0
S31520028ED050730220000000005073022000000000A0
S31520028EE05073022000000000507302200000000090
S31520028EF05073022000000000507302200000000080
S31520028F00507302200000000050730220000000006F
S31520028F10507302200000000050730220000000005F
S31520028F20507302200000000050730220000000004F
S31520028F30507302200000000050730220000000003F
S31520028F40507302200000000050730220000000002F
S31520028F50507302200000000050730220000000001F
S31520028F60507302200000000050730220000000000F
S31520028F705073022000000000506102200000000011
S31520028F8050730220000000005073022000000000EF
S31520028F9050730220000000005073022000000000DF
S31520028FA050730220000000005073022000000000CF
S31520028FB050730220000000005073022000000000BF
S31520028FC050730220000000005073022000000000AF
S31520028FD0507302200000000050730220000000009F
S31520028FE0507302200000000050730220000000008F
S31520028FF0507302200000000050730220000000007F
S31520029000507302200000000050730220000000006E
S31520029010507302200000000050730220000000005E
S31520029020507302200000000050730220000000004E
S31520029030507302200000000050730220000000003E
S31520029040507302200000000050730220000000002E
S31520029050507302200000000050730220000000001E
S31520029060507302200000000050730220000000000E
S3152002907050730220000000005073022000000000FE
S3152002908050730220000000005073022000000000EE
S3152002909050730220000000005073022000000000DE
S315200290A050730220000000005073022000000000CE
S315200290B050730220000000005073022000000000BE
S315200290C050730220000000005073022000000000AE
S315200290D0507302200000000050730220000000009E
S315200290E0507302200000000050730220000000008E
S315200290F0507302200000000050730220000000007E
S31520029100507302200000000050730220000000006D
S31520029110507302200000000050730220000000005D
S31520029120507302200000000050730220000000004D
S31520029130507302200000000050730220000000003D
S31520029140507302200000000050730220000000002D
S31520029150507302200000000050730220000000001D
S31520029160507302200000000050730220000000000D
S3152002917050730220000000005073022000000000FD
S3152002918050730220000000005073022000000000ED
S3152002919050730220000000005073022000000000DD
S315200291A050730220000000005073022000000000CD
S315200291B050730220000000005073022000000000BD
S315200291C050730220000000005073022000000000AD
S315200291D0507302200000000050730220000000009D
S315200291E0507302200000000050730220000000008D
S315200291F0507302200000000050730220000000007D
S31520029200507302200000000050730220000000006C
S31520029210507302200000000050730220000000005C
S31520029220507302200000000050730220000000004C
S31520029230507302200000000050730220000000003C
S31520029240507302200000000050730220000000002C
S31520029250507302200000000050730220000000001C
S31520029260507302200000000050730220000000000C
S3152002927050730220000000005073022000000000FC
S3152002928050730220000000005073022000000000EC
S3152002929050730220000000005073022000000000DC
S315200292A050730220000000005073022000000000CC
S315200292B050730220000000005073022000000000BC
S315200292C050730220000000005073022000000000AC
S315200292D0507302200000000050730220000000009C
S315200292E0507302200000000050730220000000008C
S315200292F0507302200000000050730220000000007C
S31520029300507302200000000050730220000000006B
S31520029310507302200000000050730220000000005B
S31520029320507302200000000050730220000000004B
S31520029330507302200000000050730220000000003B
S31520029340507302200000000050730220000000002B
S31520029350507302200000000050730220000000001B
S31520029360507302200000000050730220000000000B
S3152002937050730220000000005073022000000000FB
S3152002938050730220000000005073022000000000EB
S3152002939050730220000000005073022000000000DB
S315200293A050730220000000005073022000000000CB
S315200293B050730220000000005073022000000000BB
S315200293C050730220000000005073022000000000AB
S315200293D0507302200000000050730220000000009B
S315200293E0507302200000000050730220000000008B
S315200293F0507302200000000050730220000000007B
S31520029400507302200000000050730220000000006A
S31520029410507302200000000050730220000000005A
S31520029420507302200000000050730220000000004A
S31520029430507302200000000050730220000000003A
S31520029440507302200000000050730220000000002A
S31520029450507302200000000050730220000000001A
S31520029460507302200000000050730220000000000A
S3152002947050730220000000005073022000000000FA
S3152002948050730220000000005073022000000000EA
S3152002949050730220000000005073022000000000DA
S315200294A050730220000000005073022000000000CA
S315200294B050730220000000005073022000000000BA
S315200294C050730220000000005073022000000000AA
S315200294D0507302200000000050730220000000009A
S315200294E0507302200000000050730220000000008A
S315200294F0507302200000000050730220000000007A
S315200295005073022000000000507302200000000069
S315200295105073022000000000507302200000000059
S31520029520B848022000000000E048022000000000A7
S3152002953008490220000000003049022000000000F5
S315200295405849022000000000804902200000000045
S31520029550A849022000000000D04902200000000095
S315200295605073022000000000507302200000000009
S3152002957050730220000000005073022000000000F9
S3152002958050730220000000005073022000000000E9
S3152002959050730220000000005073022000000000D9
S315200295A050730220000000005073022000000000C9
S315200295B050730220000000005073022000000000B9
S315200295C050730220000000005073022000000000A9
S315200295D05073022000000000507302200000000099
S315200295E05073022000000000507302200000000089
S315200295F05073022000000000507302200000000079
S315200296005073022000000000507302200000000068
S315200296105073022000000000507302200000000058
S31520029620183B022000000000503B022000000000F0
S31520029630283A0220000000002839022000000000FB
S31520029640783A022000000000507302200000000039
S315200296505073022000000000507302200000000018
S315200296605073022000000000507302200000000008
S3152002967050730220000000005073022000000000F8
S3152002968050730220000000005073022000000000E8
S3152002969050730220000000005073022000000000D8
S315200296A050730220000000005073022000000000C8
S315200296B050730220000000005073022000000000B8
S315200296C050730220000000005073022000000000A8
S315200296D05073022000000000507302200000000098
S315200296E05073022000000000507302200000000088
S315200296F05073022000000000507302200000000078
S315200297005073022000000000507302200000000067
S315200297105073022000000000507302200000000057
S315200297205073022000000000507302200000000047
S315200297305073022000000000507302200000000037
S315200297405073022000000000507302200000000027
S315200297505073022000000000507302200000000017
S315200297605073022000000000507302200000000007
S3152002977050730220000000005073022000000000F7
S3152002978050730220000000005073022000000000E7
S3152002979050730220000000005073022000000000D7
S315200297A050730220000000005073022000000000C7
S315200297B050730220000000005073022000000000B7
S315200297C050730220000000005073022000000000A7
S315200297D05073022000000000507302200000000097
S315200297E05073022000000000507302200000000087
S315200297F05073022000000000507302200000000077
S315200298005073022000000000507302200000000066
S315200298105073022000000000507302200000000056
S315200298205073022000000000507302200000000046
S315200298305073022000000000507302200000000036
S315200298405073022000000000507302200000000026
S315200298505073022000000000507302200000000016
S315200298605073022000000000507302200000000006
S3152002987050730220000000005073022000000000F6
S3152002988050730220000000005073022000000000E6
S3152002989050730220000000005073022000000000D6
S315200298A050730220000000005073022000000000C6
S315200298B050730220000000005073022000000000B6
S315200298C050730220000000005073022000000000A6
S315200298D05073022000000000507302200000000096
S315200298E05073022000000000507302200000000086
S315200298F05073022000000000507302200000000076
S315200299005073022000000000507302200000000065
S315200299105073022000000000507302200000000055
S315200299205073022000000000507302200000000045
S315200299305073022000000000507302200000000035
S315200299400000000000000000887D022000000000C8
S3152002995000000000000000000000000000000000DF
S315200299600000000000000000807D022000000000B0
S3152002997000000000000000000000000000000000BF
S3152002998000000000000000000000000000000000AF
S30D200299900000000000000000A7
S70520020000D8
